Name,Trigger,AttackName,Impact,Puncture,Slash,Cold,Electricity,Heat,Toxin,Blast,Corrosive,Gas,Magnetic,Radiation,Viral,Void,BaseDamage,BaseDps,TotalDamage,CritChance,CritMultiplier,AvgShotDmg,BurstDps,SustainedDps,LifetimeDmg,StatusChance,ForcedProcs,AvgProcCount,AvgProcPerSec,Multishot,FireRate,ChargeTime,Disposition,Mastery,Magazine,AmmoPickup,AmmoMax,Reload,ShotType,ShotSpeed,PunchThrough,Accuracy,Introduced,IntroducedDate,Slot,Class,AmmoType,Range,InternalName,Family,FalloffStart,FalloffEnd,FalloffReduction,AvgSpread,MinSpread,MaxSpread
Tenet Tetra,Auto / Semi,Normal Attack,13.2,33.6,13.2,0,0,0,0,0,0,0,0,0,0.0,0,60.0,300.0,60.0,0.28,2.2,128.256,641.28,563.76263736264,71823.36,0.3,,0.3,1.5,1,5.0,0.0,1.2,16,80,40,480,2.2,Projectile,100,0.0,18.2,Update 30.5,2021-07-06,Primary,Rifle,Primary,0.0,/Lotus/Weapons/Corpus/BoardExec/Primary/CrpBETetra/CrpBETetra,Tetra,0.0,inf,0.0,5.5,3.0,8.0
Tenet Tetra,Semi-Auto,Grenade Impact,200.0,0.0,0.0,0,0,0,0,0,0,0,0,0,0.0,0,200.0,266.0,200.0,0.28,2.2,427.52,568.6016,167.53140836771,2992.64,0.3,,0.3,0.399,1,1.33,0.0,1.2,16,80,40,480,1.8,Projectile,60,0.0,18.2,Update 30.5,2021-07-06,Primary,Rifle,Primary,0.0,/Lotus/Weapons/Corpus/BoardExec/Primary/CrpBETetra/CrpBETetra,Tetra,0.0,inf,0.0,5.5,3.0,8.0
Tenet Tetra,Auto / Semi,Grenade AoE,0.0,0.0,0.0,0,0,0,0,1000,0,0,0,0,0.0,0,1000.0,1330.0,1000.0,0.28,2.2,2137.6,2843.008,724.14875191034,14963.2,0.3,,0.3,0.399,1,1.33,0.0,1.2,16,80,40,480,2.2,AoE,,0.0,18.2,Update 30.5,2021-07-06,Primary,Rifle,Primary,8.0,/Lotus/Weapons/Corpus/BoardExec/Primary/CrpBETetra/CrpBETetra,Tetra,0.0,8.0,0.6,,,
Ambassador,Auto,Auto,0.0,0.0,0.0,0,24,0,0,0,0,0,0,0,0.0,0,24.0,319.92,24.0,0.14,2.8,30.048,400.53984,294.29368764255,31730.688,0.26,,0.26,3.4658,1,13.33,0.0,1.15,10,96,80,960,2.6,Hit-Scan,,0.0,111.1,Update 30.5,2021-07-06,Primary,Rifle,Primary,300.0,/Lotus/Weapons/Corpus/LongGuns/CrpArSniper/CrpArSniperRifle,Ambassador,0.0,inf,0.0,0.9,0.8,1.0
Ambassador,Charge,Charge,0.0,0.0,0.0,0,600,0,0,0,0,0,0,0,0.0,0,600.0,600.0,600.0,0.16,2.8,772.8,772.8,336,17001.6,0.32,,0.32,0.16,1,1.0,1.0,1.15,10,96,80,960,2.6,Hit-Scan,,0.0,100.0,Update 30.5,2021-07-06,Primary,Rifle,Primary,300.0,/Lotus/Weapons/Corpus/LongGuns/CrpArSniper/CrpArSniperRifle,Ambassador,0.0,inf,0.0,0.0,0.0,0.0
Ambassador,Auto / Charge,Charged AoE,0.0,0.0,0.0,0,800,0,0,0,0,0,0,0,0.0,0,800.0,800.0,800.0,0.16,2.8,1030.4,1030.4,1521.8215384615,1088102.4,0.32,,0.32,0.19393939393939,1,1.0,0.65,1.15,10,96,80,960,2.6,AoE,,0.0,111.1,Update 30.5,2021-07-06,Primary,Rifle,Primary,6.0,/Lotus/Weapons/Corpus/LongGuns/CrpArSniper/CrpArSniperRifle,Ambassador,0.0,6.0,0.5,,,
Phantasma,Held,Beam,5.0,0.0,0.0,0,0,0,0,0,0,0,0,10,0.0,0,15.0,1080.0,90.0,0.03,1.5,91.35,1096.2,861.3,52252.2,0.222,,1.332,15.984,6,12.0,0.0,1.05,9,11,15,275,0.5,Hit-Scan,,0.0,100.0,Update 23.5,2018-08-24,Primary,Shotgun,Primary,20.0,/Lotus/Weapons/Tenno/LongGuns/RevenantShotgun/RevenantShotgun,Phantasma,0.0,inf,0.0,0.0,0.0,0.0
Phantasma,Held,Plasma Bomb Impact,15.0,0.0,0.0,0,0,0,0,0,0,0,0,0,0.0,0,15.0,30.0,15.0,0.03,1.5,15.225,15.225,13.840909090909,1979.25,0.37,,1.37,0.91333333333333,1,2.0,1.0,1.05,9,11,15,275,0.5,Projectile,25,0.0,100.0,Update 23.5,2018-08-24,Primary,Shotgun,Primary,0.0,/Lotus/Weapons/Tenno/LongGuns/RevenantShotgun/RevenantShotgun,Phantasma,0.0,inf,0.0,0.0,0.0,0.0
Phantasma,Held,Plasma Bomb Explosion,0.0,0.0,0.0,0,0,0,0,0,0,0,0,73,0.0,0,73.0,146.0,73.0,0.03,1.5,74.095,148.19,135.84083333333,21191.17,0.37,,1.37,2.74,1,2.0,0.0,1.05,9,11,15,275,0.5,AoE,,0.0,100.0,Update 23.5,2018-08-24,Primary,Shotgun,Primary,4.8,/Lotus/Weapons/Tenno/LongGuns/RevenantShotgun/RevenantShotgun,Phantasma,0.0,4.8,0.5,,,
Phantasma,Held,Cluster Bombs Impact,3.0,0.0,0.0,0,0,0,0,0,0,0,0,0,0.0,0,3.0,30.0,15.0,0.03,1.5,15.225,30.45,27.9125,4354.35,0.37,,6.85,13.7,5,2.0,0.0,1.05,9,11,15,275,0.5,Projectile,6,0.0,100.0,Update 23.5,2018-08-24,Primary,Shotgun,Primary,0.0,/Lotus/Weapons/Tenno/LongGuns/RevenantShotgun/RevenantShotgun,Phantasma,0.0,inf,0.0,,,
Phantasma,Held,Cluster Bombs Explosion,0.0,0.0,0.0,0,0,0,0,0,0,0,0,18,0.0,0,18.0,36.0,18.0,0.03,1.5,18.27,36.54,33.495,5225.22,0.37,,1.37,2.74,1,2.0,0.0,1.05,9,11,15,275,0.5,AoE,,0.0,100.0,Update 23.5,2018-08-24,Primary,Shotgun,Primary,2.0,/Lotus/Weapons/Tenno/LongGuns/RevenantShotgun/RevenantShotgun,Phantasma,0.0,inf,0.0,,,
Trumna Prime,Auto,Auto,32.0,0.0,0.0,0,0,53,0,0,0,0,0,0,0.0,0,85.0,396.95,85.0,0.24,2.4,113.56,530.3252,493.4542950722,85170.0,0.34,,0.34,1.5878,1,4.67,0.0,0.5,15,250,60,500,4.0,Hit-Scan,,0.0,200.0,Hotfix 37.0.9,2024-11-13,Primary,Rifle,Primary,300.0,/Lotus/Weapons/Thanotech/ThanoRifle/ThanotechRifle,Trumna,0.0,inf,0.0,0.5,0.3,0.7
Trumna Prime,Auto / Semi,Auto AoE,0.0,0.0,0.0,0,0,50,0,0,0,0,0,0,0.0,0,50.0,233.5,50.0,0.24,2.4,66.8,311.956,290.26723239541,50100.0,0.34,,0.34,1.5878,1,4.67,0.0,0.5,15,250,60,500,4.0,AoE,,0.0,200.0,Hotfix 37.0.9,2024-11-13,Primary,Rifle,Primary,1.6,/Lotus/Weapons/Thanotech/ThanoRifle/ThanotechRifle,Trumna,0.0,1.6,0.15,,,
Trumna Prime,Semi-Auto,Grenade Impact,100.0,0.0,0.0,0,0,0,0,0,0,0,0,0,0.0,0,100.0,133.0,100.0,0.38,2.4,153.2,203.756,199.51041829861,114900.0,0.5,,0.5,0.665,1,1.33,0.0,0.5,15,250,60,500,4.0,,,0.0,9.1,Hotfix 37.0.9,2024-11-13,Primary,Rifle,Primary,0.0,/Lotus/Weapons/Thanotech/ThanoRifle/ThanotechRifle,Trumna,0.0,inf,0.0,11.0,6.0,16.0
Trumna Prime,Auto / Semi,Grenade Bounce AoE,0.0,0.0,0.0,0,0,1150,0,0,0,0,0,0,0.0,0,1150.0,1529.5,1150.0,0.38,2.4,1761.8,2343.194,2294.369810434,1321350.0,0.5,,0.5,0.665,1,1.33,0.0,0.5,15,250,60,500,4.0,AoE,,0.0,200.0,Hotfix 37.0.9,2024-11-13,Primary,Rifle,Primary,6.0,/Lotus/Weapons/Thanotech/ThanoRifle/ThanotechRifle,Trumna,0.0,6.0,0.4,,,
Stradavar,Auto / Semi,Full Auto Mode,9.8,9.8,8.4,0,0,0,0,0,0,0,0,0,0.0,0,28.0,280.0,28.0,0.24,2.0,34.72,347.2,265.50588235294,21005.6,0.12,,0.12,1.2,1,10.0,0.0,1.1,8,65,80,540,2.0,Hit-Scan,,0.0,14.3,Update 18.11,2016-05-11,Primary,Rifle,Primary,300.0,/Lotus/Weapons/Tenno/LongGuns/TennoTommyGun/TennoTommyGunRifle,Stradavar,0.0,inf,0.0,7.0,6.0,8.0
Stradavar,Semi-Auto,Semi-Auto Mode,7.5,30.0,12.5,0,0,0,0,0,0,0,0,0,0.0,0,50.0,250.0,50.0,0.28,2.0,64.0,320.0,277.33333333333,38720.0,0.16,,0.16,0.8,1,5.0,0.0,1.1,8,65,80,540,2.0,Hit-Scan,,0.0,28.6,Update 18.11,2016-05-11,Primary,Rifle,Primary,300.0,/Lotus/Weapons/Tenno/LongGuns/TennoTommyGun/TennoTommyGunRifle,Stradavar,0.0,inf,0.0,3.5,0.0,7.0
Prisma Lenz,Charge,Charged Shot,56.0,0.0,0.0,0,0,0,0,0,0,0,0,0,0.0,0,56.0,93.333333333333,56.0,0.5,2.8,106.4,88.666666666667,59.111111111111,957.6,0.16,,1.16,0.64444444444444,1,1.0,1.2,0.95,12,1,1,8,0.6,Projectile,60,0.0,16.7,Hotfix 33.0.10,2023-05-12,Primary,Bow,Primary,0.0,/Lotus/Weapons/Corpus/Bow/Longbow/PrismaLenz/PrismaLenzWeapon,Lenz,0.0,inf,0.0,0.0,0.0,0.0
Prisma Lenz,Charge,Initial Blast,0.0,0.0,0.0,10,0,0,0,0,0,0,0,0,0.0,0,10.0,16.666666666667,10.0,0.5,2.8,19.0,15.833333333333,10.555555555556,171.0,0.16,,1.16,0.64444444444444,1,1.0,1.2,0.95,12,1,1,8,0.6,AoE,,0.0,16.7,Hotfix 33.0.10,2023-05-12,Primary,Bow,Primary,7.2,/Lotus/Weapons/Corpus/Bow/Longbow/PrismaLenz/PrismaLenzWeapon,Lenz,0.0,7.2,0.7,,,
Prisma Lenz,Charge,Bubble Collapse,0.0,0.0,0.0,0,0,0,0,740,0,0,0,0,0.0,0,740.0,1233.3333333333,740.0,0.5,2.8,1406.0,1171.6666666667,781.11111111111,12654.0,0.16,,0.16,0.088888888888889,1,1.0,1.2,0.95,12,1,1,8,0.6,AoE,,0.0,16.7,Hotfix 33.0.10,2023-05-12,Primary,Bow,Primary,7.2,/Lotus/Weapons/Corpus/Bow/Longbow/PrismaLenz/PrismaLenzWeapon,Lenz,0.0,7.2,0.7,,,
Ignis,Held,Normal Attack,0.0,0.0,0.0,0,0,33,0,0,0,0,0,0,0.0,0,33.0,264.0,33.0,0.11,2.0,36.63,293.04,278.20253164557,21978.0,0.27,,0.27,2.16,1,8.0,0.0,0.6,5,150,40,150,2.0,Hit-Scan,,0.0,100.0,Update 8.0,2013-05-23,Primary,Rifle,Primary,20.0,/Lotus/Weapons/ClanTech/Chemical/FlameThrower,Ignis,0.0,inf,0.0,0.0,0.0,0.0
Zhuge,Auto,Normal Attack,5.0,75.0,20.0,0,0,0,0,0,0,0,0,0,0.0,0,100.0,417.0,100.0,0.2,2.0,120.0,500.4,328.94001643385,67200.0,0.35,,0.35,1.4595,1,4.17,0.0,1.2,10,20,80,540,2.5,Projectile,90,0.0,40.0,Update 18.6,2016-03-16,Primary,Crossbow,Primary,0.0,/Lotus/Weapons/Tenno/LongGuns/RepeatingCrossbow/RepeatingCrossbow,Zhuge,0.0,inf,0.0,2.5,0.0,5.0
Kuva Bramma,Charge,Charged Shot,187.0,0.0,0.0,0,0,0,0,0,0,0,0,0,0.0,0,187.0,311.66666666667,187.0,0.35,2.1,414.392,690.65333333333,414.392,2486.352,0.21,,0.21,0.21,1,0.667,0.4,0.65,15,1,1,5,0.6,Projectile,50,0.0,16.7,Update 27.1,2020-02-04,Primary,Bow,Primary,0.0,/Lotus/Weapons/Grineer/Bows/GrnBow/GrnBowWeapon,Kuva Bramma,0.0,inf,0.0,6.0,0.0,12.0
Kuva Bramma,Charge,Radial Attack,0.0,0.0,0.0,0,0,0,0,839,0,0,0,0,0.0,0,839.0,1398.3333333333,839.0,0.35,2.1,1859.224,3098.7066666667,1859.224,11155.344,0.21,,0.21,0.21,1,0.667,0.4,0.65,15,1,1,5,0.6,AoE,,0.0,16.7,Update 27.1,2020-02-04,Primary,Bow,Primary,8.3,/Lotus/Weapons/Grineer/Bows/GrnBow/GrnBowWeapon,Kuva Bramma,0.0,8.3,0.9,,,
Kuva Bramma,Charge,Cluster Bomb Contact,49.0,0.0,0.0,0,0,0,0,0,0,0,0,0,0.0,0,49.0,245.0,147.0,0.35,2.1,325.752,542.92,325.752,1954.512,0.21,,0.63,0.63,3,1.0,0.4,0.65,15,1,1,5,0.6,Projectile,30,0.0,16.7,Update 27.1,2020-02-04,Primary,Bow,Primary,0.0,/Lotus/Weapons/Grineer/Bows/GrnBow/GrnBowWeapon,Kuva Bramma,0.0,inf,0.0,,,
Kuva Bramma,Charge,Cluster Bomb Explosion,0.0,0.0,0.0,0,0,0,0,57,0,0,0,0,0.0,0,57.0,285.0,171.0,0.35,2.1,378.936,631.56,378.936,2273.616,0.21,,0.63,0.63,3,1.0,0.4,0.65,15,1,1,5,0.6,AoE,,0.0,16.7,Update 27.1,2020-02-04,Primary,Bow,Primary,0.0,/Lotus/Weapons/Grineer/Bows/GrnBow/GrnBowWeapon,Kuva Bramma,0.0,3.5,0.5,,,
Zarr,Semi-Auto,Cannon Mode Projectile,25.0,0.0,0.0,0,0,0,0,0,0,0,0,0,0.0,0,25.0,41.75,25.0,0.17,2.5,31.375,52.39625,23.261376248613,1976.625,0.29,,0.29,0.4843,1,1.67,0.0,1.15,7,3,9,60,2.25,Projectile,40,0.0,100.0,Update 19.0,2016-11-11,Primary,Launcher,Primary,0.0,/Lotus/Weapons/Grineer/LongGuns/GrnCannon/GrnCannonWeapon,Zarr,0.0,inf,0.0,0.0,0.0,0.0
Zarr,Semi-Auto,Cannon Mode Explosion,0.0,0.0,0.0,0,0,0,0,175,0,0,0,0,0.0,0,175.0,292.25,175.0,0.17,2.5,219.625,366.77375,162.82963374029,13836.375,0.29,,0.29,0.4843,1,1.67,0.0,1.15,7,3,9,60,2.25,AoE,,0.0,,Update 19.0,2016-11-11,Primary,Launcher,Primary,4.0,/Lotus/Weapons/Grineer/LongGuns/GrnCannon/GrnCannonWeapon,Zarr,0.0,4.0,0.5,,,
Zarr,Semi-Auto,Cannon Mode Cluster Bombs,0.0,0.0,0.0,0,0,0,0,50,0,0,0,0,0.0,0,50.0,501.0,300.0,0.17,2.5,376.5,628.755,279.13651498335,23719.5,0.048,,0.288,0.48096,6,1.67,0.0,1.15,7,3,9,60,2.25,Projectile,8,0.0,,Update 19.0,2016-11-11,Primary,Launcher,Primary,0.0,/Lotus/Weapons/Grineer/LongGuns/GrnCannon/GrnCannonWeapon,Zarr,0.0,inf,0.0,,,
Zarr,Semi-Auto,Barrage Mode,24.0,40.0,16.0,0,0,0,0,0,0,0,0,0,0.0,0,80.0,2400.0,800.0,0.17,2.5,1004.0,3012.0,926.76923076923,63252.0,0.087,,0.87,2.61,10,3.0,0.0,1.15,7,3,9,60,2.25,Projectile,120,1.6,1.4,Update 19.0,2016-11-11,Primary,Launcher,Primary,10.0,/Lotus/Weapons/Grineer/LongGuns/GrnCannon/GrnCannonWeapon,Zarr,0.0,inf,0.0,70.0,60.0,80.0
Battacor,Auto Burst,Normal Attack,0.0,24.0,0.0,0,0,0,0,0,0,0,42,0,0.0,0,66.0,165.0,66.0,0.32,2.4,191.136,238.92,843.24705882353,149086.08,0.18,,0.18,0.45,1,2.5,0.0,1.1,10,60,80,720,2.0,Projectile,120,0.0,25.0,Update 24.0,2018-11-08,Primary,Rifle,Primary,0.0,/Lotus/Weapons/Corpus/LongGuns/CrpSentExperimentRifle/CrpSentExperimentRifle,Battacor,0.0,inf,0.0,4.0,0.0,8.0
Battacor,Auto Charge,Secondary Fire,0.0,0.0,0.0,0,0,0,0,0,0,0,0,208,0.0,0,208.0,1040.0,208.0,0.34,3.0,349.44,873.6,806.4,272563.2,0.08,,0.08,0.13333333333333,1,5.0,0.4,1.1,10,60,80,720,2.0,Hit-Scan,,2.0,100.0,Update 24.0,2018-11-08,Primary,Rifle,Primary,300.0,/Lotus/Weapons/Corpus/LongGuns/CrpSentExperimentRifle/CrpSentExperimentRifle,Battacor,0.0,inf,0.0,0.0,0.0,0.0
Battacor,Auto Burst,Secondary Fire AoE,0.0,0.0,0.0,0,0,0,0,0,0,0,0,208,0.0,0,208.0,1040.0,208.0,0.34,3.0,349.44,1747.2,1497.6,272563.2,0.5,,0.5,2.5,1,5.0,0.0,1.1,10,60,80,720,2.0,AoE,,0.0,,Update 24.0,2018-11-08,Primary,Rifle,Primary,3.4,/Lotus/Weapons/Corpus/LongGuns/CrpSentExperimentRifle/CrpSentExperimentRifle,Battacor,0.0,3.4,0.4,,,
Boltor,Auto,Normal Attack,2.5,20.0,2.5,0,0,0,0,0,0,0,0,0,0.0,0,25.0,218.75,25.0,0.1,1.8,27.0,236.25,171.29909365559,16200.0,0.14,,0.14,1.225,1,8.75,0.0,1.3,2,60,80,540,2.6,Projectile,85,0.0,25.0,Update 6.0,2013-01-29,Primary,Rifle,Primary,0.0,/Lotus/Weapons/Tenno/Rifle/BoltoRifle,Boltor,0.0,inf,0.0,4.0,2.0,6.0
Boltor,Auto,Incarnon Form,0.4,1.2,2.4,0,0,0,0,0,0,0,0,0,0.0,0,4.0,120.0,12.0,0.22,2.8,16.752,167.52,116.87441860465,10051.2,0.0933,,0.2799,2.799,3,10.0,0.0,1.3,2,60,80,540,2.6,Projectile,0,0.6,10.0,Update 6.0,2013-01-29,Primary,Rifle,Primary,0.0,/Lotus/Weapons/Tenno/Rifle/BoltoRifle,Boltor,0.0,inf,0.0,10.0,8.0,12.0
Phenmor,Auto / Semi,Normal Attack,0.0,42.0,98.0,0,0,0,0,0,0,0,0,0,0.0,0,140.0,420.0,140.0,0.2,2.0,168.0,504.0,393.75,95760.0,0.2,,0.2,0.6,1,3.0,0.0,0.6,14,30,80,540,2.8,Projectile,120,0.0,28.6,Update 31.5,2022-04-27,Primary,Rifle,Primary,0.0,/Lotus/Weapons/Tenno/Zariman/LongGuns/SemiAutoRifle/ZarimanSemiAutoRifle,Phenmor,0.0,inf,0.0,3.5,2.0,5.0
Phenmor,Auto,Incarnon Form,0.0,0.0,80.0,0,0,0,0,0,0,0,0,60,0.0,0,140.0,1866.2,140.0,0.2,2.0,168.0,2239.44,997.90862099697,95760.0,0.2,,0.2,2.666,1,13.33,0.0,0.6,14,30,80,540,2.8,Projectile,80,3.0,14.3,Update 31.5,2022-04-27,Primary,Rifle,Primary,0.0,/Lotus/Weapons/Tenno/Zariman/LongGuns/SemiAutoRifle/ZarimanSemiAutoRifle,Phenmor,0.0,inf,0.0,7.0,6.0,8.0
Amprex,Held,Normal Attack,0.0,0.0,0.0,0,22,0,0,0,0,0,0,0,0.0,0,22.0,264.0,22.0,0.32,2.2,30.448,365.376,316.06920415225,48716.8,0.22,,0.22,2.64,1,12.0,0.0,0.85,10,100,60,700,2.6,Hit-Scan,,0.0,12.5,Update 13.1,2014-04-23,Primary,Rifle,Primary,18.0,/Lotus/Weapons/Corpus/LongGuns/ChainLightningGun/ChainLightningRifle,Amprex,0.0,inf,0.0,8.0,8.0,8.0
Shedu,Auto,Normal Attack,0.0,0.0,0.0,0,0,71,0,0,0,0,0,0,0.0,0,71.0,177.5,71.0,0.25,2.1,90.525,226.3125,125.4801980198,633.675,0.23,,0.23,0.575,1,2.5,0.0,0.75,13,7,0,0,1.25,Projectile,200,0.0,28.6,Update 27.0,2019-12-13,Primary,Arm Cannon,None,0.0,/Lotus/Weapons/Sentients/Shedu/SheduHeavyWeapon,Shedu,0.0,inf,0.0,3.5,0.0,7.0
Shedu,Auto,Radial Attack,0.0,0.0,0.0,0,87,0,0,0,0,0,0,0,0.0,0,87.0,217.5,87.0,0.25,2.1,110.925,277.3125,153.75742574257,776.475,0.23,,0.23,0.575,1,2.5,0.0,0.75,13,7,0,0,1.25,AoE,,0.0,28.6,Update 27.0,2019-12-13,Primary,Arm Cannon,None,6.6,/Lotus/Weapons/Sentients/Shedu/SheduHeavyWeapon,Shedu,0.0,6.6,0.6,,,
Fulmin Prime,Auto,Full Auto Mode,0.0,8.0,0.0,0,25,0,0,0,0,0,0,0,0.0,0,33.0,307.89,33.0,0.34,2.4,48.708,454.44564,325.41174701491,3896.64,0.1,,0.1,0.933,1,9.33,0.0,0.65,12,80,0,0,2.7,Hit-Scan,,0.0,111.1,Update 33.6,2023-07-27,Primary,Rifle,None,300.0,/Lotus/Weapons/Tenno/LongGuns/PrimeFulmin/PrimeFulmin,Fulmin,0.0,inf,0.0,0.9,0.8,1.0
Fulmin Prime,Auto / Semi,Semi-Auto Mode,110.0,0.0,0.0,0,440,0,0,0,0,0,0,0,0.0,0,550.0,1193.5,550.0,0.3,2.2,748.0,1623.16,844.40629470672,5984.0,0.22,,1.22,2.6474,1,2.17,0.0,0.65,12,80,0,0,2.7,Projectile,100,0.0,9.1,Update 33.6,2023-07-27,Primary,Rifle,None,0.0,/Lotus/Weapons/Tenno/LongGuns/PrimeFulmin/PrimeFulmin,Fulmin,12.0,24.0,0.6666,11.0,6.0,16.0
Artemis Bow,Charge,Base Uncharged Shot,33.6,192.0,14.4,0,0,0,0,0,0,0,0,0,0.0,0,240.0,1866.6666666667,1680.0,0.25,2.0,2100.0,2333.3333333333,0,0.0,0.2,,1.4,1.5555555555556,7,1.0,0.0,0.0,0,1,0,0,0.9,Projectile,100,1.0,100.0,Update 23.0,2018-06-15,Primary,Exalted Weapon,Energy,0.0,/Lotus/Powersuits/Ranger/ExaltedBow,,0.0,inf,0.0,6.0,0.0,12.0
Artemis Bow,Charge,Base Charged Shot,33.6,192.0,14.4,0,0,0,0,0,0,0,0,0,0.0,0,240.0,1866.6666666667,1680.0,0.25,2.0,2100.0,2100.0,0,0.0,0.2,,1.4,0.73684210526316,7,1.0,1.0,0.0,0,1,0,0,0.9,Projectile,100,1.0,100.0,Update 23.0,2018-06-15,Primary,Exalted Weapon,Energy,0.0,/Lotus/Powersuits/Ranger/ExaltedBow,,0.0,inf,0.0,,,
Artemis Bow,Charge,Concentrated Arrow Shot,33.6,192.0,14.4,0,0,0,0,0,0,0,0,0,0.0,0,240.0,266.66666666667,240.0,0.25,2.0,300.0,333.33333333333,0,0.0,0.2,,1.2,1.3333333333333,1,1.0,0.0,0.0,0,1,0,0,0.9,Projectile,150,0.0,100.0,Update 23.0,2018-06-15,Primary,Exalted Weapon,Energy,0.0,/Lotus/Powersuits/Ranger/ExaltedBow,,0.0,inf,0.0,6.0,0.0,12.0
Artemis Bow,Charge,Concentrated Arrow Headshot Explosion,0.0,0.0,0.0,0,0,0,0,500,0,0,0,0,0.0,0,500.0,555.55555555556,500.0,0.75,2.0,875.0,875.0,460.52631578947,875.0,0.0,,0.0,0.0,1,1.0,1.0,0.0,0,1,0,0,0.9,AoE,,0.0,100.0,Update 23.0,2018-06-15,Primary,Exalted Weapon,Energy,7.0,/Lotus/Powersuits/Ranger/ExaltedBow,,0.0,7.0,0.0,,,
Afentis,Semi,Semi,20.0,60.0,20.0,0,0,0,0,0,0,0,0,0,0.0,0,100.0,83.3,100.0,0.26,2.2,131.2,109.2896,79.492017310979,2099.2,0.24,,1.24,1.03292,1,0.833,0.0,1.05,8,4,4,12,1.8,Projectile,90,0.0,100.0,Update 32.0,2022-09-07,Primary,Speargun,Primary,0.0,/Lotus/Weapons/Tenno/LongGuns/TnHopliteSpear/TnHopliteSpearGunWeapon,Afentis,0.0,inf,0.0,0.0,0.0,0.0
Afentis,Semi,Radial Attack,0.0,0.0,0.0,0,0,0,0,800,0,0,0,0,0.0,0,800.0,666.4,800.0,0.26,2.2,1049.6,874.3168,635.93613848784,16793.6,0.24,,1.24,1.03292,1,0.833,0.0,1.05,8,4,4,12,1.8,AoE,,0.0,100.0,Update 32.0,2022-09-07,Primary,Speargun,Primary,3.0,/Lotus/Weapons/Tenno/LongGuns/TnHopliteSpear/TnHopliteSpearGunWeapon,Afentis,0.0,3.0,0.4,,,
Afentis,Semi,Spear Throw,240.0,120.0,40.0,0,0,0,0,0,0,0,0,0,0.0,0,400.0,400.0,400.0,0.3,3.0,640.0,640.0,441.37931034483,10240.0,0.2,,1.2,1.2,1,1.0,0.0,1.05,8,4,4,12,1.8,Projectile,90,0.0,100.0,Update 32.0,2022-09-07,Primary,Speargun,Primary,0.0,/Lotus/Weapons/Tenno/LongGuns/TnHopliteSpear/TnHopliteSpearGunWeapon,Afentis,0.0,inf,0.0,0.0,0.0,0.0
Karak,Auto,Normal Attack,13.05,8.7,7.25,0,0,0,0,0,0,0,0,0,0.0,0,29.0,338.43,29.0,0.09,1.5,30.305,353.65935,198.9085208099,17273.85,0.15,,0.15,1.7505,1,11.67,0.0,1.35,1,30,80,540,2.0,Hit-Scan,,0.0,28.6,Update 11.5,2013-12-19,Primary,Rifle,Primary,300.0,/Lotus/Weapons/Grineer/LongGuns/GrineerM16Homage/GrineerM16Rifle,Karak,0.0,inf,0.0,3.5,2.0,5.0
Simulor,Active,Orb Launch,0.0,0.0,0.0,0,0,0,0,0,0,0,0,0,0.0,0,0.0,0.0,0.0,0.12,2.0,0.0,0.0,0,0.0,0.3,,0.3,0.9,1,3.0,0.0,1.25,5,8,15,72,3.0,Projectile,80,0.0,28.6,Update 16.10,2015-06-25,Primary,Rifle,Primary,12.0,/Lotus/Weapons/Cephalon/Primary/CephPrimary/CephPrimary,Simulor,0.0,inf,0.0,3.5,0.0,7.0
Simulor,Active,Orb Merging Damage,0.0,0.0,0.0,0,0,0,0,0,0,0,100,0,0.0,0,100.0,300.0,100.0,0.12,2.0,112.0,336.0,158.11764705882,8960.0,0.3,,0.3,0.9,1,3.0,0.0,1.25,5,8,15,72,3.0,,,0.0,28.6,Update 16.10,2015-06-25,Primary,Rifle,Primary,12.0,/Lotus/Weapons/Cephalon/Primary/CephPrimary/CephPrimary,Simulor,0.0,inf,0.0,,,
Simulor,Active,Orb Explosion,0.0,0.0,0.0,0,0,0,0,0,0,0,200,0,0.0,0,200.0,600.0,200.0,0.12,2.0,224.0,672.0,316.23529411765,17920.0,0.3,,1.3,3.9,1,3.0,0.0,1.25,5,8,15,72,3.0,AoE,,0.0,28.6,Update 16.10,2015-06-25,Primary,Rifle,Primary,5.0,/Lotus/Weapons/Cephalon/Primary/CephPrimary/CephPrimary,Simulor,0.0,5.0,0.6,,,
Basmu,Auto,Auto,0.0,0.0,0.0,0,39,0,0,0,0,0,0,0,0.0,0,39.0,468.0,39.0,0.15,2.0,44.85,538.2,150.696,941.85,0.29,,0.29,3.48,1,12.0,0.0,1.2,11,21,0,0,2.5,Projectile,120,0.0,20.0,Update 27.3,2020-03-24,Primary,Rifle,None,0.0,/Lotus/Weapons/Sentients/SentRifleNewWar/SentRifleNewWarGun,Basmu,0.0,inf,0.0,5.0,0.0,10.0
Basmu,Auto,Radial Attack,0.0,0.0,0.0,0,0,19,0,0,0,0,0,0,0.0,0,19.0,228.0,19.0,0.15,2.0,21.85,262.2,73.416,458.85,0.29,,0.29,3.48,1,12.0,0.0,1.2,11,21,0,0,2.5,AoE,,0.0,20.0,Update 27.3,2020-03-24,Primary,Rifle,None,1.7,/Lotus/Weapons/Sentients/SentRifleNewWar/SentRifleNewWarGun,Basmu,0.0,1.7,0.2,,,
Basmu,Held,Held,0.0,0.0,0.0,0,12,0,0,0,0,0,0,0,0.0,0,12.0,288.0,24.0,0.02,4.8,25.824,309.888,86.76864,542.304,0.3,,0.6,7.2,2,12.0,0.0,1.2,11,21,0,0,2.5,Hit-Scan,,0.0,3.0,Update 27.3,2020-03-24,Primary,Rifle,None,300.0,/Lotus/Weapons/Sentients/SentRifleNewWar/SentRifleNewWarGun,Basmu,0.0,inf,0.0,33.0,24.0,42.0
Latron,Semi-Auto,Normal Attack,8.25,38.5,8.25,0,0,0,0,0,0,0,0,0,0.0,0,55.0,229.35,55.0,0.12,2.0,61.6,256.872,154.07389635317,34188.0,0.12,,0.12,0.5004,1,4.17,0.0,1.4,0,15,80,540,2.4,Hit-Scan,,0.0,28.6,Vanilla,2012-10-25,Primary,Rifle,Primary,300.0,/Lotus/Weapons/Tenno/Rifle/SemiAutoRifle,Latron,0.0,inf,0.0,3.5,0.0,7.0
Latron,Semi-Auto,Incarnon Form,50.0,0.0,0.0,0,0,0,0,0,0,0,0,0,0.0,0,50.0,166.5,50.0,0.32,3.0,82.0,273.06,178.14457202505,45510.0,0.24,,0.24,0.7992,1,3.33,0.0,1.4,0,15,80,540,2.4,Projectile,,0.0,28.6,Vanilla,2012-10-25,Primary,Rifle,Primary,0.0,/Lotus/Weapons/Tenno/Rifle/SemiAutoRifle,Latron,0.0,inf,0.0,3.5,0.0,7.0
Latron,Semi-Auto,Incarnon Form AoE,0.0,40.0,0.0,0,0,40,0,0,0,0,0,0,0.0,0,80.0,266.4,80.0,0.32,3.0,131.2,436.896,285.03131524008,72816.0,0.24,,0.24,0.7992,1,3.33,0.0,1.4,0,15,80,540,2.4,AoE,,0.0,28.6,Vanilla,2012-10-25,Primary,Rifle,Primary,4.0,/Lotus/Weapons/Tenno/Rifle/SemiAutoRifle,Latron,0.0,4.0,0.2,,,
Hek,Semi-Auto,Normal Attack,11.25,48.75,15.0,0,0,0,0,0,0,0,0,0,0.0,0,75.0,1139.25,525.0,0.1,2.0,577.5,1253.175,601.04316546763,71610.0,0.107,,0.749,1.62533,7,2.17,0.0,1.2,4,4,15,120,2.0,Hit-Scan,,0.0,9.1,Update 5.2,2013-01-04,Primary,Shotgun,Primary,300.0,/Lotus/Weapons/Tenno/Shotgun/QuadShotgun,Hek,10.0,20.0,0.8,11.0,6.0,16.0
Tenora Prime,Auto-Spool,Fully Spooled,8.4,11.2,8.4,0,0,0,0,0,0,0,0,0,0.0,0,28.0,354.76,28.0,0.3,2.2,38.08,482.4736,416.50898888529,45696.0,0.24,,0.24,3.0408,1,12.67,0.0,1.0,14,200,80,1000,2.5,Hit-Scan,,0.0,12.5,Update 29.9,2021-02-23,Primary,Rifle,Primary,300.0,/Lotus/Weapons/Tenno/LongGuns/PrimeTenora/TenoraPrimeWeapon,Tenora,0.0,inf,0.0,8.0,0.0,16.0
Tenora Prime,Charge,Charged Attack,56.0,168.0,56.0,0,0,0,0,0,0,0,0,0,0.0,0,280.0,560.0,280.0,0.4,3.0,504.0,630.0,544.86486486486,60480.0,0.2,,0.2,0.15384615384615,1,2.0,0.8,1.0,14,200,80,1000,2.5,Hit-Scan,,1.0,12.5,Update 29.9,2021-02-23,Primary,Rifle,Primary,300.0,/Lotus/Weapons/Tenno/LongGuns/PrimeTenora/TenoraPrimeWeapon,Tenora,0.0,inf,0.0,8.0,0.0,16.0
Cinta,Semi-Auto,Quick Shot,0.0,360.0,90.0,0,0,0,0,0,0,0,0,0,0.0,0,450.0,750.0,450.0,0.2,2.0,540.0,900.0,426.31578947368,32940.0,0.3,,0.3,0.5,1,1.5,0.0,1.2,6,1,10,60,0.6,Projectile,100,0.0,16.7,Update 33.0,2023-04-26,Primary,Bow,Primary,0.0,/Lotus/Weapons/Tenno/Bows/DaxDuviriAsymetricalBow/DaxDuviriAsymmetricalLongBowPlayerWeapon,Cinta,0.0,inf,0.0,6.0,0.0,12.0
Cinta,Charge,Charged Shot,0.0,640.0,160.0,0,0,0,0,0,0,0,0,0,0.0,0,800.0,1333.3333333333,800.0,0.36,3.0,1376.0,917.33333333333,655.2380952381,83936.0,0.32,,0.32,0.15238095238095,1,1.5,1.5,1.2,6,1,10,60,0.6,Projectile,100,0.0,100.0,Update 33.0,2023-04-26,Primary,Bow,Primary,0.0,/Lotus/Weapons/Tenno/Bows/DaxDuviriAsymetricalBow/DaxDuviriAsymmetricalLongBowPlayerWeapon,Cinta,0.0,inf,0.0,,,
Cinta,Charge,Perfect Shot,0.0,0.0,0.0,0,0,600,0,0,0,0,0,0,0.0,0,600.0,1000.0,600.0,0.2,2.0,720.0,720.0,450,43920.0,0.34,,0.34,0.2125,1,1.5,1.0,1.2,6,1,10,60,0.6,Projectile,100,0.0,100.0,Update 33.0,2023-04-26,Primary,Bow,Primary,0.0,/Lotus/Weapons/Tenno/Bows/DaxDuviriAsymetricalBow/DaxDuviriAsymmetricalLongBowPlayerWeapon,Cinta,0.0,inf,0.0,,,
Quartakk,Burst,Burst-Fire,18.13,14.21,16.66,0,0,0,0,0,0,0,0,0,0.0,0,49.0,77.42,49.0,0.19,2.3,244.412,96.54274,93.211537206041,225836.688,0.27,,0.27,0.4266,1,1.58,0.0,1.25,10,84,80,840,1.9,Hit-Scan,,0.5,90.9,Update 22.0,2017-10-12,Primary,Rifle,Primary,300.0,/Lotus/Weapons/Grineer/LongGuns/GrnFourBarrelRifle/GrnFourBarrelRifleWeapon,Quartakk,0.0,inf,0.0,1.1,1.0,1.2
Flux Rifle,Held,Normal Attack,0.0,4.84,17.16,0,0,0,0,0,0,0,0,0,0.0,0,22.0,264.0,22.0,0.1,2.0,24.2,290.4,208.92086330935,2420.0,0.24,,0.24,2.88,1,12.0,0.0,1.55,6,50,0,0,2.25,Hit-Scan,,0.5,100.0,Update 8.0,2013-05-23,Primary,Rifle,None,30.0,/Lotus/Weapons/ClanTech/Energy/CrpLaserRifle,Flux Rifle,0.0,inf,0.0,0.0,0.0,0.0
Paris Prime,Semi-Auto,Uncharged Shot,9.0,153.0,18.0,0,0,0,0,0,0,0,0,0,0.0,0,180.0,257.14285714286,180.0,0.45,2.0,261.0,372.85714285714,153.52941176471,19053.0,0.2,,0.2,0.28571428571429,1,1.0,0.0,1.35,8,1,15,72,0.7,Projectile,70,0.0,16.7,Update 9.0,2013-07-13,Primary,Bow,Primary,0.0,/Lotus/Weapons/Tenno/Bows/PrimeHuntingBow,Paris,0.0,inf,0.0,6.0,0.0,12.0
Paris Prime,Charge,Charged Shot,9.0,288.0,63.0,0,0,0,0,0,0,0,0,0,0.0,0,360.0,514.28571428571,360.0,0.45,2.0,522.0,745.71428571429,435,38106.0,0.2,,0.2,0.16666666666667,1,1.0,0.5,1.35,8,1,15,72,0.7,Projectile,95,3.0,16.7,Update 9.0,2013-07-13,Primary,Bow,Primary,0.0,/Lotus/Weapons/Tenno/Bows/PrimeHuntingBow,Paris,0.0,inf,0.0,6.0,0.0,12.0
Paris Prime,Charge,Incarnon Form Charged Shot,100.0,0.0,0.0,0,0,420,0,0,0,0,0,0,0.0,0,520.0,742.85714285714,520.0,0.5,3.4,1144.0,1430.0,762.66666666667,83512.0,0.2,,0.2,0.13333333333333,1,1.0,0.8,1.35,8,1,15,72,0.7,Projectile,85,0.0,100.0,Update 9.0,2013-07-13,Primary,Bow,Primary,0.0,/Lotus/Weapons/Tenno/Bows/PrimeHuntingBow,Paris,0.0,inf,0.0,,,
Stradavar Prime,Auto / Semi,Full Auto Mode,10.5,10.5,9.0,0,0,0,0,0,0,0,0,0,0.0,0,30.0,300.0,30.0,0.24,2.6,41.52,415.2,339.70909090909,33631.2,0.12,,0.12,1.2,1,10.0,0.0,1.0,12,90,80,720,2.0,Hit-Scan,,0.0,25.0,Hotfix 24.5.8,2019-04-02,Primary,Rifle,Primary,300.0,/Lotus/Weapons/Tenno/LongGuns/PrimeStradavar/PrimeStradavarGun,Stradavar,0.0,inf,0.0,4.0,3.0,5.0
Stradavar Prime,Semi-Auto,Semi-Auto Mode,8.0,24.0,48.0,0,0,0,0,0,0,0,0,0,0.0,0,80.0,266.4,80.0,0.3,2.8,123.2,410.256,381.98882681564,99792.0,0.22,,0.22,0.7326,1,3.33,0.0,1.0,12,90,80,720,2.0,Hit-Scan,,1.0,66.7,Hotfix 24.5.8,2019-04-02,Primary,Rifle,Primary,300.0,/Lotus/Weapons/Tenno/LongGuns/PrimeStradavar/PrimeStradavarGun,Stradavar,0.0,inf,0.0,1.5,0.0,3.0
Tenora,Auto-Spool,Fully Spooled,7.2,9.6,7.2,0,0,0,0,0,0,0,0,0,0.0,0,24.0,280.08,24.0,0.28,2.0,30.72,358.5024,300.1275847635,32256.0,0.16,,0.16,1.8672,1,11.67,0.0,1.1,10,150,80,900,2.5,Hit-Scan,,0.0,12.5,Update 20.0,2017-03-24,Primary,Rifle,Primary,300.0,/Lotus/Weapons/Tenno/LongGuns/TnBardRifle/TnBardRifle,Tenora,0.0,inf,0.0,8.0,0.0,16.0
Tenora,Charge,Charged Attack,48.0,144.0,48.0,0,0,0,0,0,0,0,0,0,0.0,0,240.0,2400.0,240.0,0.34,3.0,403.2,504.0,417.10344827586,42336.0,0.11,,0.11,0.12222222222222,1,10.0,0.8,1.1,10,150,80,900,2.5,Hit-Scan,,1.0,12.5,Update 20.0,2017-03-24,Primary,Rifle,Primary,300.0,/Lotus/Weapons/Tenno/LongGuns/TnBardRifle/TnBardRifle,Tenora,0.0,inf,0.0,8.0,0.0,16.0
Kuva Ogris,Semi-Auto,Rocket Impact,18.9,8.1,0.0,0,0,0,0,0,0,0,0,0,0.0,0,27.0,40.5,27.0,0.09,2.0,47.088,70.632,34.454634146341,470.88,0.47,,1.47,2.205,1,1.5,0.0,0.7,15,3,1,7,2.1,Projectile,40,0.0,100.0,Update 26.0,2019-10-31,Primary,Launcher,Primary,0.0,/Lotus/Weapons/Grineer/KuvaLich/LongGuns/Ogris/KuvaOgris,Ogris,0.0,inf,0.0,0.0,0.0,0.0
Kuva Ogris,Semi-Auto,Rocket Explosion,0.0,183.0,155.0,0,0,0,0,349,0,0,0,0,0.0,0,687.0,1030.5,687.0,0.09,2.0,1198.128,1797.192,876.67902439024,11981.28,0.47,,0.47,0.705,1,1.5,0.0,0.7,15,3,1,7,2.1,AoE,,0.0,100.0,Update 26.0,2019-10-31,Primary,Launcher,Primary,7.9,/Lotus/Weapons/Grineer/KuvaLich/LongGuns/Ogris/KuvaOgris,Ogris,0.0,7.9,0.8,,,
MK1-Paris,Semi-Auto,Uncharged Shot,5.75,86.25,23.0,0,0,0,0,0,0,0,0,0,0.0,0,115.0,209.09090909091,115.0,0.3,2.0,149.5,271.81818181818,96.451612903226,10913.5,0.15,,0.15,0.27272727272727,1,1.0,0.0,1.45,0,1,15,72,0.55,Projectile,70,0.0,16.7,Update 14.0,2014-07-18,Primary,Bow,Primary,0.0,/Lotus/Weapons/MK1Series/MK1Paris,Paris,0.0,inf,0.0,6.0,0.0,12.0
MK1-Paris,Charge,Charged Shot,11.5,184.0,34.5,0,0,0,0,0,0,0,0,0,0.0,0,230.0,418.18181818182,230.0,0.3,2.0,299.0,543.63636363636,284.7619047619,21827.0,0.15,,0.15,0.14285714285714,1,1.0,0.5,1.45,0,1,15,72,0.55,Projectile,85,2.0,16.7,Update 14.0,2014-07-18,Primary,Bow,Primary,0.0,/Lotus/Weapons/MK1Series/MK1Paris,Paris,0.0,inf,0.0,,,
MK1-Paris,Charge,Incarnon Form Charged Shot,50.0,0.0,0.0,0,0,250,0,0,0,0,0,0,0.0,0,300.0,545.45454545455,300.0,0.4,3.0,540.0,675.0,400,39420.0,0.2,,0.2,0.14814814814815,1,1.0,0.8,1.45,0,1,15,72,0.55,Projectile,85,0.0,100.0,Update 14.0,2014-07-18,Primary,Bow,Primary,0.0,/Lotus/Weapons/MK1Series/MK1Paris,Paris,0.0,inf,0.0,6.0,0.0,12.0
Corinth Prime,Semi-Auto,Buckshot,25.2,37.8,27.0,0,0,0,0,0,0,0,0,0,0.0,0,90.0,766.8,540.0,0.3,2.8,831.6,1180.872,973.51360263809,116424.0,0.09,,0.54,0.7668,6,1.42,0.0,1.0,14,20,15,120,3.0,Hit-Scan,,0.0,9.1,Hotfix 27.3.6,2020-03-31,Primary,Shotgun,Primary,300.0,/Lotus/Weapons/Tenno/LongGuns/PrimeCorinth/PrimeCorinth,Corinth,18.0,36.0,0.6667,11.0,6.0,16.0
Corinth Prime,Semi-Auto,Air Burst Projectile,100.0,0.0,0.0,0,0,0,0,0,0,0,0,0,0.0,0,100.0,66.7,100.0,0.04,1.6,102.4,68.3008,48.779317240394,3584.0,0.5,,1.5,1.0005,1,0.667,0.0,1.0,14,20,15,120,3.0,Projectile,50,0.0,9.1,Hotfix 27.3.6,2020-03-31,Primary,Shotgun,Primary,0.0,/Lotus/Weapons/Tenno/LongGuns/PrimeCorinth/PrimeCorinth,Corinth,0.0,inf,0.0,11.0,6.0,16.0
Corinth Prime,Semi-Auto,Air Burst Explosion,0.0,0.0,0.0,0,0,0,0,2200,0,0,0,0,0.0,0,2200.0,1467.4,2200.0,0.04,1.6,2252.8,1502.6176,1073.1449792887,78848.0,0.5,,0.5,0.3335,1,0.667,0.0,1.0,14,20,15,120,3.0,AoE,,0.0,9.1,Hotfix 27.3.6,2020-03-31,Primary,Shotgun,Primary,9.8,/Lotus/Weapons/Tenno/LongGuns/PrimeCorinth/PrimeCorinth,Corinth,0.0,9.8,0.9,,,
Boltor Prime,Auto,Normal Attack,4.6,41.4,0.0,0,0,0,0,0,0,0,0,0,0.0,0,46.0,460.0,46.0,0.12,2.0,51.52,515.2,368,30912.0,0.34,,0.34,3.4,1,10.0,0.0,1.2,13,60,80,540,2.4,Projectile,120,0.0,50.0,Update 12.4,2014-03-05,Primary,Rifle,Primary,0.0,/Lotus/Weapons/Tenno/LongGuns/PrimeBoltor/PrimeBoltor,Boltor,0.0,inf,0.0,2.0,1.0,3.0
Boltor Prime,Auto,Incarnon Form,2.4,7.2,14.4,0,0,0,0,0,0,0,0,0,0.0,0,24.0,815.76,72.0,0.24,3.0,106.56,1207.3248,830.80429397192,63936.0,0.2,,0.6,6.798,3,11.33,0.0,1.2,13,60,80,540,2.4,Projectile,0,0.0,10.0,Update 12.4,2014-03-05,Primary,Rifle,Primary,0.0,/Lotus/Weapons/Tenno/LongGuns/PrimeBoltor/PrimeBoltor,Boltor,0.0,inf,0.0,10.0,8.0,12.0
Grinlok,Semi-Auto,Normal Attack,93.5,18.7,74.8,0,0,0,0,0,0,0,0,0,0.0,0,187.0,312.29,187.0,0.15,2.5,229.075,382.55525,290.81824900752,125762.175,0.35,,0.35,0.5845,1,1.67,0.0,1.3,7,9,80,540,1.7,Hit-Scan,,0.0,44.4,Update 12.1,2014-02-13,Primary,Rifle,Primary,300.0,/Lotus/Weapons/Grineer/LongGuns/GrineerLeverActionRifle/GLARifle,Grinlok,0.0,inf,0.0,2.25,1.5,3.0
Hema,Burst,Normal Attack,0.0,0.0,0.0,0,0,0,0,0,0,0,0,0,47.0,0,47.0,235.0,47.0,0.11,2.0,156.51,260.85,223.58571428571,9390.6,0.25,,0.25,1.25,1,5.0,0.0,1.3,7,60,0,0,2.0,Projectile,150,0.0,20.0,Update 19.5,2016-12-22,Primary,Rifle,Primary,0.0,/Lotus/Weapons/Infested/LongGuns/InfWFAccompanyingPri/InfestedBurstRifle,Hema,0.0,inf,0.0,5.0,0.0,10.0
Cedo,Auto,Normal Attack,0.0,30.0,0.0,0,0,0,0,0,0,0,0,0,0.0,0,30.0,689.4,180.0,0.2,2.4,230.4,882.432,728.89109156238,55296.0,0.003,,0.018,0.06894,6,3.83,0.0,0.65,8,40,15,200,2.2,Hit-Scan,,0.8,20.0,Update 29.6,2020-12-18,Primary,Shotgun,Primary,300.0,/Lotus/Weapons/Tenno/LongGuns/TnAlchemistShotgun/TnAlchemistShotgun,Cedo,26.0,52.0,0.9667,5.0,2.0,8.0
Cedo,Auto / Semi,Alt-Fire Glaive,0.0,0.0,20.0,0,0,0,0,0,0,0,0,0,0.0,0,20.0,20.0,20.0,0.02,1.4,20.16,20.16,-nan,inf,0.5,,0.5,0.5,1,1.0,0.0,0.65,8,40,15,200,2.2,Projectile,60,0.0,80.0,Update 29.6,2020-12-18,Primary,Shotgun,Primary,0.0,/Lotus/Weapons/Tenno/LongGuns/TnAlchemistShotgun/TnAlchemistShotgun,Cedo,0.0,inf,0.0,1.25,1.0,1.5
Cedo,Auto / Semi,Glaive Radial Attack,0.0,0.0,0.0,0,0,0,0,10,0,0,0,0,0.0,0,10.0,10.0,10.0,0.02,1.4,10.08,10.08,-nan,inf,0.5,,0.5,0.5,1,1.0,0.0,0.65,8,40,15,200,2.2,AoE,,0.0,20.0,Update 29.6,2020-12-18,Primary,Shotgun,Primary,6.0,/Lotus/Weapons/Tenno/LongGuns/TnAlchemistShotgun/TnAlchemistShotgun,Cedo,0.0,6.0,0.0,,,
Braton Vandal,Auto,Normal Attack,12.25,1.75,21.0,0,0,0,0,0,0,0,0,0,0.0,0,35.0,262.5,35.0,0.16,2.0,40.6,304.5,241.18811881188,24360.0,0.16,,0.16,1.2,1,7.5,0.0,1.3,4,50,80,550,1.75,Hit-Scan,,0.0,33.33,Hotfix 6.3.1,2013-02-15,Primary,Rifle,Primary,300.0,/Lotus/Weapons/Tenno/Rifle/VIPRifle,Braton,0.0,inf,0.0,3.0,1.5,4.5
Braton Vandal,Auto,Incarnon Form,26.0,2.6,36.4,0,0,0,0,0,0,0,0,0,0.0,0,65.0,303.55,65.0,0.38,3.2,119.34,557.3178,479.02170269457,71604.0,0.22,,0.22,1.0274,1,4.67,0.0,1.3,4,50,80,550,1.75,Hit-Scan,,0.0,200.0,Hotfix 6.3.1,2013-02-15,Primary,Rifle,Primary,300.0,/Lotus/Weapons/Tenno/Rifle/VIPRifle,Braton,0.0,inf,0.0,0.5,0.3,0.7
Braton Vandal,Auto,Incarnon Form AoE,0.0,0.0,0.0,0,0,65,0,0,0,0,0,0,0.0,0,65.0,303.55,65.0,0.38,3.2,119.34,557.3178,479.02170269457,71604.0,0.22,,0.22,1.0274,1,4.67,0.0,1.3,4,50,80,550,1.75,AoE,,0.0,33.33,Hotfix 6.3.1,2013-02-15,Primary,Rifle,Primary,3.0,/Lotus/Weapons/Tenno/Rifle/VIPRifle,Braton,0.0,3.0,0.1,,,
Burston,Burst,Normal Attack,10.0,10.0,10.0,0,0,0,0,0,0,0,0,0,0.0,0,30.0,150.0,30.0,0.06,1.6,93.24,155.4,186.72897196262,54545.4,0.18,,0.18,0.9,1,5.0,0.0,1.45,0,45,80,540,2.0,Hit-Scan,,0.0,25.0,Vanilla,2012-10-25,Primary,Rifle,Primary,300.0,/Lotus/Weapons/Tenno/Rifle/BurstRifle,Burston,0.0,inf,0.0,4.0,0.0,8.0
Burston,Burst,Incarnon Form,0.0,0.0,0.0,0,0,3,0,0,0,0,0,0,0.0,0,3.0,60.0,3.0,0.3,3.0,4.8,96.0,50.823529411765,2808.0,0.3,,0.3,6.0,1,20.0,0.0,1.45,0,45,80,540,2.0,Hit-Scan,,0.0,28.57,Vanilla,2012-10-25,Primary,Rifle,Primary,300.0,/Lotus/Weapons/Tenno/Rifle/BurstRifle,Burston,0.0,inf,0.0,3.5,2.0,5.0
Burston,Burst,Incarnon Form Radial Attack,0.0,0.0,0.0,0,0,3,0,0,0,0,0,0,0.0,0,3.0,60.0,3.0,0.3,3.0,4.8,96.0,50.823529411765,2808.0,0.3,,0.3,6.0,1,20.0,0.0,1.45,0,45,80,540,2.0,AoE,,0.0,25.0,Vanilla,2012-10-25,Primary,Rifle,Primary,2.0,/Lotus/Weapons/Tenno/Rifle/BurstRifle,Burston,0.0,2.0,0.0,,,
Buzlok,Auto,Normal Attack,30.0,24.0,6.0,0,0,0,0,0,0,0,0,0,0.0,0,60.0,375.0,60.0,0.23,2.5,80.7,504.375,366.81818181818,47613.0,0.21,,0.21,1.3125,1,6.25,0.0,1.45,11,50,80,540,3.0,Projectile,80,0.0,16.7,Update 14.7,2014-09-17,Primary,Rifle,Primary,0.0,/Lotus/Weapons/Grineer/LongGuns/GrnGorgSniperRifle/GrnGorgSniperRifle,Buzlok,0.0,inf,0.0,6.0,0.0,12.0
Buzlok,Semi-Auto,Beacon,0.0,3.0,0.0,0,0,0,0,0,0,0,0,0,0.0,0,3.0,5.01,3.0,0.0,1.0,3.0,5.01,4.553717505908,1770.0,0.0,,0.0,0.0,1,1.67,0.0,1.45,11,50,80,540,3.0,Projectile,200,0.0,16.7,Update 14.7,2014-09-17,Primary,Rifle,Primary,0.0,/Lotus/Weapons/Grineer/LongGuns/GrnGorgSniperRifle/GrnGorgSniperRifle,Buzlok,0.0,inf,0.0,6.0,0.0,12.0
Miter,Charge,Uncharged Shot,20.0,10.0,70.0,0,0,0,0,0,0,0,0,0,0.0,0,100.0,250.0,100.0,0.05,2.0,105.0,262.5,210,10500.0,0.2,,0.2,0.5,1,2.5,0.0,1.5,6,20,40,80,2.0,Projectile,60,0.0,100.0,Update 9.5,2013-08-09,Primary,Rifle,Primary,0.0,/Lotus/Weapons/Grineer/LongGuns/GrineerSawbladeGun/SawBladeGun,Miter,0.0,inf,0.0,0.0,0.0,0.0
Miter,Charge,Charged Shot,12.5,12.5,225.0,0,0,0,0,0,0,0,0,0,0.0,0,250.0,625.0,250.0,0.1,2.0,275.0,366.66666666667,323.52941176471,27500.0,0.5,,0.5,0.43478260869565,1,2.5,0.75,1.5,6,20,40,80,2.0,Projectile,100,2.5,100.0,Update 9.5,2013-08-09,Primary,Rifle,Primary,0.0,/Lotus/Weapons/Grineer/LongGuns/GrineerSawbladeGun/SawBladeGun,Miter,0.0,inf,0.0,,,
Miter,Auto,Incarnon Form,12.0,6.0,42.0,0,0,0,0,0,0,0,0,0,0.0,0,60.0,199.8,60.0,0.2,3.3,87.6,291.708,218.83570892723,8760.0,0.56,,0.56,1.8648,1,3.33,0.0,1.5,6,20,40,80,2.0,Projectile,0,0.0,20.0,Update 9.5,2013-08-09,Primary,Rifle,Primary,0.0,/Lotus/Weapons/Grineer/LongGuns/GrineerSawbladeGun/SawBladeGun,Miter,0.0,inf,0.0,5.0,2.0,8.0
Miter,Charge,Incarnon Form Radial Attack,0.0,0.0,0.0,0,0,80,0,0,0,0,0,0,0.0,0,80.0,266.4,80.0,0.2,3.3,116.8,388.944,291.78094523631,11680.0,0.56,,0.56,1.8648,1,3.33,0.0,1.5,6,20,40,80,2.0,AoE,,0.0,100.0,Update 9.5,2013-08-09,Primary,Rifle,Primary,3.0,/Lotus/Weapons/Grineer/LongGuns/GrineerSawbladeGun/SawBladeGun,Miter,0.0,3.0,0.2,,,
Ferrox,Charge,Charged Shot,35.0,245.0,70.0,0,0,0,0,0,0,0,0,0,0.0,0,350.0,465.5,350.0,0.32,2.8,551.6,733.628,811.17647058824,60676.0,0.1,,0.1,0.07987987987988,1,1.33,0.5,1.25,14,10,20,100,1.8,Hit-Scan,,1.5,16.7,Update 19.13,2017-03-09,Primary,Speargun,Primary,300.0,/Lotus/Weapons/Corpus/LongGuns/Spears/Railgun/CorpusRailgun,Ferrox,0.0,inf,0.0,6.0,0.0,12.0
Ferrox,Charge,Radial Attack,100.0,0.0,0.0,0,0,0,0,0,0,0,0,0,0.0,0,100.0,133.0,100.0,0.32,2.8,157.6,209.608,169.12054219784,17336.0,0.1,,0.1,0.133,1,1.33,0.0,1.25,14,10,20,100,1.8,AoE,,0.0,16.7,Update 19.13,2017-03-09,Primary,Speargun,Primary,3.6,/Lotus/Weapons/Corpus/LongGuns/Spears/Railgun/CorpusRailgun,Ferrox,0.0,3.6,0.4,,,
Ferrox,Semi,Spear Throw,35.0,5.0,10.0,0,0,0,0,0,0,0,0,0,0.0,0,50.0,50.0,50.0,0.04,2.0,52.0,52.0,43.333333333333,5720.0,0.33,,1.33,1.33,1,1.0,0.0,1.25,14,10,20,100,2.0,Projectile,90,0.0,16.7,Update 19.13,2017-03-09,Primary,Speargun,Primary,0.0,/Lotus/Weapons/Corpus/LongGuns/Spears/Railgun/CorpusRailgun,Ferrox,0.0,inf,0.0,6.0,0.0,12.0
Ferrox,Charge,Attraction Field,0.0,0.0,0.0,0,150,0,0,0,0,0,0,0,0.0,0,150.0,75.0,150.0,0.04,2.0,156.0,78.0,71.559633027523,17160.0,0.5,,0.5,0.25,1,0.5,0.0,1.25,14,10,20,100,1.8,AoE,,0.0,16.7,Update 19.13,2017-03-09,Primary,Speargun,Primary,10.0,/Lotus/Weapons/Corpus/LongGuns/Spears/Railgun/CorpusRailgun,Ferrox,0.0,inf,0.0,,,
Dera Vandal,Auto,Normal Attack,6.4,24.0,1.6,0,0,0,0,0,0,0,0,0,0.0,0,32.0,360.0,32.0,0.08,2.0,34.56,388.8,290.69158878505,20736.0,0.3,,0.3,3.375,1,11.25,0.0,1.35,7,60,80,540,1.8,Projectile,150,0.0,100.0,Update 16.5,2015-05-12,Primary,Rifle,Primary,0.0,/Lotus/Weapons/ClanTech/Energy/DeraVandal,Dera,0.0,inf,0.0,0.0,0.0,0.0
Dera Vandal,Auto,Incarnon Form,50.0,140.0,90.0,0,0,0,0,0,0,0,90,0,0.0,0,370.0,740.0,370.0,0.3,3.0,592.0,1184.0,1116.9811320755,355200.0,0.22,,0.22,0.44,1,2.0,0.0,1.35,7,60,80,540,1.8,Hit-Scan,,3.0,100.0,Update 16.5,2015-05-12,Primary,Rifle,Primary,300.0,/Lotus/Weapons/ClanTech/Energy/DeraVandal,Dera,0.0,inf,0.0,0.9,0.8,1.0
Quellor,Auto / Charge,Auto,8.0,22.0,12.0,16,0,0,0,0,0,0,0,0,0.0,0,58.0,348.0,58.0,0.12,1.6,62.176,373.056,345.42222222222,74611.2,0.38,,0.38,2.28,1,6.0,0.0,1.15,12,300,80,900,4.0,Hit-Scan,,0.5,33.33,Update 27.0,2019-12-13,Primary,Rifle,Primary,300.0,/Lotus/Weapons/Tenno/LongGuns/TnRailjackRifle/RailjackRifleGun,Quellor,0.0,inf,0.0,3.0,2.0,4.0
Quellor,Auto Charge,Alt-Fire,600.0,0.0,0.0,800,0,0,0,0,0,0,0,0,0.0,0,1400.0,1400.0,1400.0,0.4,2.2,2072.0,1726.6666666667,1110,49728.0,0.1,,1.1,0.5,1,1.0,1.2,1.15,12,300,80,900,4.0,Projectile,210,0.0,33.33,Update 27.0,2019-12-13,Primary,Rifle,Primary,0.0,/Lotus/Weapons/Tenno/LongGuns/TnRailjackRifle/RailjackRifleGun,Quellor,9.0,18.0,0.6657,0.0,0.0,0.0
Burston Prime,Burst,Normal Attack,13.8,13.8,18.4,0,0,0,0,0,0,0,0,0,0.0,0,46.0,230.0,46.0,0.18,1.8,157.872,263.12,422.87142857143,92355.12,0.3,,0.3,1.5,1,5.0,0.0,1.35,12,45,80,540,2.0,Hit-Scan,,0.0,25.0,Update 11.5,2013-12-19,Primary,Rifle,Primary,300.0,/Lotus/Weapons/Tenno/LongGuns/PrimeBurston/PrimeBurston,Burston,0.0,inf,0.0,4.0,0.0,8.0
Burston Prime,Burst,Incarnon Form,0.0,0.0,0.0,0,0,13,0,0,0,0,0,0,0.0,0,13.0,260.0,13.0,0.28,3.0,20.28,405.6,214.72941176471,11863.8,0.3,,0.3,6.0,1,20.0,0.0,1.35,12,45,80,540,2.0,Hit-Scan,,0.0,28.57,Update 11.5,2013-12-19,Primary,Rifle,Primary,300.0,/Lotus/Weapons/Tenno/LongGuns/PrimeBurston/PrimeBurston,Burston,0.0,inf,0.0,3.5,2.0,5.0
Burston Prime,Burst,Incarnon Form Radial Attack,0.0,0.0,0.0,0,0,13,0,0,0,0,0,0,0.0,0,13.0,260.0,13.0,0.28,3.0,20.28,405.6,214.72941176471,11863.8,0.3,,0.3,6.0,1,20.0,0.0,1.35,12,45,80,540,2.0,AoE,,0.0,25.0,Update 11.5,2013-12-19,Primary,Rifle,Primary,2.0,/Lotus/Weapons/Tenno/LongGuns/PrimeBurston/PrimeBurston,Burston,0.0,2.0,1.0,,,
Acceltra Prime,Auto,Rocket Impact,44.0,0.0,0.0,0,0,0,0,0,0,0,0,0,0.0,0,44.0,440.0,44.0,0.34,3.0,73.92,739.2,554.4,10644.48,0.18,,1.18,11.8,1,10.0,0.0,0.55,14,48,40,96,1.6,Projectile,70,0.0,23.5,Hotfix 35.0.9,2024-01-17,Primary,Rifle,Primary,0.0,/Lotus/Weapons/Tenno/LongGuns/PrimeAcceltra/PrimeAcceltraWeapon,Acceltra,0.0,inf,0.0,4.25,1.5,7.0
Acceltra Prime,Auto,Rocket Explosion,0.0,42.4,10.6,0,0,0,0,0,0,0,0,0,0.0,0,53.0,530.0,53.0,0.34,3.0,89.04,890.4,667.8,12821.76,0.18,,0.18,1.8,1,10.0,0.0,0.55,14,48,40,96,1.6,AoE,,0.0,23.5,Hotfix 35.0.9,2024-01-17,Primary,Rifle,Primary,5.0,/Lotus/Weapons/Tenno/LongGuns/PrimeAcceltra/PrimeAcceltraWeapon,Acceltra,0.0,5.0,0.5,,,
Karak Wraith,Auto,Normal Attack,13.95,9.3,7.75,0,0,0,0,0,0,0,0,0,0.0,0,31.0,361.77,31.0,0.13,2.0,35.03,408.8001,294.31252699784,21018.0,0.25,,0.25,2.9175,1,11.67,0.0,1.28,7,60,80,540,2.0,Hit-Scan,,0.0,28.6,Update 16.5,2015-05-12,Primary,Rifle,Primary,300.0,/Lotus/Weapons/Grineer/LongGuns/GrineerM16Homage/KarakWraith,Karak,0.0,inf,0.0,3.5,2.0,5.0
Rubico Prime,Semi-Auto,Unzoomed,149.6,28.1,9.3,0,0,0,0,0,0,0,0,0,0.0,0,187.0,686.29,187.0,0.38,3.0,329.12,1207.8704,489.41264181523,25342.24,0.16,,0.16,0.5872,1,3.67,0.0,0.7,12,5,15,72,2.0,Hit-Scan,,1.0,13.3,Update 23.9,2018-09-25,Primary,Sniper Rifle,Primary,1000.0,/Lotus/Weapons/Tenno/LongGuns/RubicoPrime/RubicoPrimeWeapon,Rubico,400.0,600.0,0.5,7.5,0.0,15.0
Kuva Zarr,Semi-Auto,Cannon Mode Projectile,50.0,0.0,0.0,0,0,0,0,0,0,0,0,0,0.0,0,50.0,108.5,50.0,0.25,2.5,110.0,238.7,77.419564089258,1100.0,0.31,,0.31,0.6727,1,2.17,0.0,0.65,15,5,1,5,4.8,Projectile,75,0.0,100.0,Update 30.5,2021-07-06,Primary,Launcher,Primary,0.0,/Lotus/Weapons/Grineer/KuvaLich/LongGuns/Zarr/KuvaZarr,Zarr,0.0,inf,0.0,0.0,0.0,0.0
Kuva Zarr,Semi-Auto,Cannon Mode Explosion,0.0,0.0,0.0,0,0,0,0,673,0,0,0,0,0.0,0,673.0,1460.41,673.0,0.25,2.5,1480.6,3212.902,1042.0673326414,14806.0,0.31,,0.31,0.6727,1,2.17,0.0,0.65,15,5,1,5,4.8,AoE,,0.0,,Update 30.5,2021-07-06,Primary,Launcher,Primary,7.0,/Lotus/Weapons/Grineer/KuvaLich/LongGuns/Zarr/KuvaZarr,Zarr,0.0,7.0,0.7,,,
Kuva Zarr,Semi-Auto,Cannon Mode Cluster Bomb Contact,15.0,0.0,0.0,0,0,0,0,0,0,0,0,0,0.0,0,15.0,97.65,45.0,0.25,2.5,99.0,214.83,69.677607680332,990.0,0.31,,0.93,2.0181,3,2.17,0.0,0.65,15,5,1,5,4.8,Projectile,8,0.0,,Update 30.5,2021-07-06,Primary,Launcher,Primary,0.0,/Lotus/Weapons/Grineer/KuvaLich/LongGuns/Zarr/KuvaZarr,Zarr,0.0,inf,0.0,,,
Kuva Zarr,Semi-Auto,Cannon Mode Cluster Bomb Explosion,0.0,0.0,0.0,0,0,0,0,50,0,0,0,0,0.0,0,50.0,325.5,150.0,0.25,2.5,330.0,716.1,232.25869226777,3300.0,0.31,,0.93,2.0181,3,2.17,0.0,0.65,15,5,1,5,4.8,AoE,,0.0,,Update 30.5,2021-07-06,Primary,Launcher,Primary,3.0,/Lotus/Weapons/Grineer/KuvaLich/LongGuns/Zarr/KuvaZarr,Zarr,0.0,3.0,0.3,,,
Kuva Zarr,Semi-Auto,Barrage Mode,15.0,25.0,10.0,0,0,0,0,0,0,0,0,0,0.0,0,50.0,1085.0,500.0,0.37,2.5,1244.0,2699.48,875.54488842761,12440.0,0.097,,0.97,2.1049,10,2.17,0.0,0.65,15,5,1,5,4.8,Projectile,120,1.6,4.3,Update 30.5,2021-07-06,Primary,Launcher,Primary,0.0,/Lotus/Weapons/Grineer/KuvaLich/LongGuns/Zarr/KuvaZarr,Zarr,20.0,40.0,0.98,23.0,17.0,29.0
Kohm,Auto-Spool,Single Pellet,6.0,6.0,18.0,0,0,0,0,0,0,0,0,0,0.0,0,30.0,22.02,30.0,0.11,2.3,34.29,25.16886,25.018950533132,41319.45,0.75,,0.75,0.5505,1,0.734,0.0,1.3,5,245,40,960,2.0,Hit-Scan,,1.5,8.0,Update 15.6,2014-12-11,Primary,Shotgun,Primary,300.0,/Lotus/Weapons/Grineer/LongGuns/GrnSpark/GrnSparkRifle,Kohm,15.0,25.0,0.7333,12.5,5.0,20.0
Kohm,Auto-Spool,Fully Spooled,6.0,6.0,18.0,0,0,0,0,0,0,0,0,0,0.0,0,30.0,1321.2,360.0,0.11,2.3,411.48,1510.1316,1347.937190518,123452.39755102,0.0625,,0.75,2.7525,12,3.67,0.0,1.3,5,245,40,960,2.0,Hit-Scan,,1.5,8.0,Update 15.6,2014-12-11,Primary,Shotgun,Primary,300.0,/Lotus/Weapons/Grineer/LongGuns/GrnSpark/GrnSparkRifle,Kohm,15.0,25.0,0.7333,12.5,5.0,20.0
Kuva Tonkor,Semi-Auto,Grenade Impact,0.0,59.0,0.0,0,0,0,0,0,0,0,0,0,0.0,0,59.0,39.333333333333,59.0,0.3,2.5,136.88,91.253333333333,75.396976542137,4243.28,0.17,,1.17,0.78,1,3.17,0.0,0.9,13,1,3,30,1.5,Projectile,40,0.0,100.0,Update 26.0,2019-10-31,Primary,Launcher,Primary,0.0,/Lotus/Weapons/Grineer/KuvaLich/LongGuns/Tonkor/KuvaTonkor,Tonkor,0.0,inf,0.0,0.0,0.0,0.0
Kuva Tonkor,Semi-Auto,Grenade Explosion,0.0,168.0,204.0,0,0,0,0,302,0,0,0,0,0.0,0,674.0,449.33333333333,674.0,0.3,2.5,1563.68,1042.4533333333,861.31461337967,48474.08,0.17,,0.17,0.11333333333333,1,3.17,0.0,0.9,13,1,3,30,1.5,AoE,,0.0,100.0,Update 26.0,2019-10-31,Primary,Launcher,Primary,7.0,/Lotus/Weapons/Grineer/KuvaLich/LongGuns/Tonkor/KuvaTonkor,Tonkor,0.0,7.0,0.7,,,
Argonak,Semi-Auto,Semi-Auto Mode,24.51,6.27,26.22,0,0,0,0,0,0,0,0,0,0.0,0,57.0,246.81,57.0,0.27,2.3,77.007,333.44031,268.540854997,39735.612,0.19,,0.19,0.8227,1,4.33,0.0,1.25,7,43,80,473,2.4,Hit-Scan,,0.0,28.6,Update 22.0,2017-10-12,Primary,Rifle,Primary,300.0,/Lotus/Weapons/Grineer/LongGuns/LaserAimRifle/LaserAimRifle,Argonak,0.0,inf,0.0,3.5,0.0,7.0
Argonak,Auto / Semi,Full Auto Mode,24.51,6.27,26.22,0,0,0,0,0,0,0,0,0,0.0,0,57.0,342.0,57.0,0.09,1.5,59.565,357.39,267.73118466899,30735.54,0.27,,0.27,1.62,1,6.0,0.0,1.25,7,43,80,473,2.4,Hit-Scan,,0.0,28.6,Update 22.0,2017-10-12,Primary,Rifle,Primary,300.0,/Lotus/Weapons/Grineer/LongGuns/LaserAimRifle/LaserAimRifle,Argonak,0.0,inf,0.0,3.5,2.0,5.0
Rakta Cernos,Semi-Auto,Uncharged Shot,211.5,11.75,11.75,0,0,0,0,0,0,0,0,0,0.0,0,235.0,391.66666666667,235.0,0.35,2.0,317.25,528.75,198.28125,23159.25,0.15,,0.15,0.25,1,1.0,0.0,1.25,12,1,15,72,0.6,Projectile,70,0.0,16.7,Update 17.3,2015-09-02,Primary,Bow,Primary,0.0,/Lotus/Weapons/Syndicates/RedVeil/Bows/RVCernos,Cernos,0.0,inf,0.0,6.0,0.0,12.0
Rakta Cernos,Charge,Charged Shot,423.0,23.5,23.5,0,0,0,0,0,0,0,0,0,0.0,0,470.0,783.33333333333,470.0,0.35,2.0,634.5,1057.5,746.47058823529,46318.5,0.15,,0.15,0.17647058823529,1,1.0,0.25,1.25,12,1,15,72,0.6,Projectile,100,1.0,16.7,Update 17.3,2015-09-02,Primary,Bow,Primary,0.0,/Lotus/Weapons/Syndicates/RedVeil/Bows/RVCernos,Cernos,0.0,inf,0.0,,,
Alternox,Auto / Active,Normal Attack,0.0,0.0,0.0,0,62,0,0,0,0,0,0,0,0.0,0,62.0,268.46,62.0,0.14,2.2,72.416,313.56128,245.28456836341,41132.288,0.3,,0.3,1.299,1,4.33,0.0,1.15,8,28,40,540,1.8,Projectile,60,0.0,18.2,Update 31.5,2022-04-27,Primary,Rifle,Primary,0.0,/Lotus/Weapons/Tenno/LongGuns/GyreRifle/GyreRifleWeapon,Alternox,0.0,inf,0.0,5.5,3.0,8.0
Alternox,Active,Alt-Fire Contact,5.0,37.5,7.5,0,0,0,0,0,0,0,0,0,0.0,0,50.0,75.0,50.0,0.02,2.0,51.0,76.5,55.20618556701,7242.0,0.44,,0.44,0.66,1,1.5,0.0,1.15,8,28,40,540,1.8,Projectile,60,0.0,18.2,Update 31.5,2022-04-27,Primary,Rifle,Primary,0.0,/Lotus/Weapons/Tenno/LongGuns/GyreRifle/GyreRifleWeapon,Alternox,0.0,inf,0.0,0.0,0.0,0.0
Alternox,DoT,Alt-Fire Damage over Time,0.0,0.0,0.0,0,50,0,0,0,0,0,0,0,0.0,0,50.0,50.0,50.0,0.02,2.0,51.0,51.0,47.919463087248,28968.0,0.44,,0.44,0.44,1,1.0,0.0,1.15,8,28,40,540,1.8,,,0.0,18.2,Update 31.5,2022-04-27,Primary,Rifle,Primary,6.0,/Lotus/Weapons/Tenno/LongGuns/GyreRifle/GyreRifleWeapon,Alternox,0.0,6.0,0.6,,,
Alternox,Active,Alt-Fire Explosion,0.0,0.0,0.0,0,100,0,0,0,0,0,0,0,0.0,0,100.0,100.0,100.0,0.02,2.0,102.0,102.0,95.838926174497,57936.0,0.44,,0.44,0.44,1,1.0,0.0,1.15,8,28,40,540,1.8,AoE,,0.0,18.2,Update 31.5,2022-04-27,Primary,Rifle,Primary,6.0,/Lotus/Weapons/Tenno/LongGuns/GyreRifle/GyreRifleWeapon,Alternox,0.0,6.0,0.6,,,
Astilla Prime,Auto,Slug Impact,100.0,0.0,0.0,0,0,0,0,0,0,0,0,0,0.0,0,100.0,433.0,100.0,0.21,1.9,118.9,514.837,378.32480097979,17121.6,0.37,,1.37,5.9321,1,4.33,0.0,1.1,14,24,40,120,2.0,Projectile,120,0.0,25.0,Update 30.3,2021-05-25,Primary,Shotgun,Primary,0.0,/Lotus/Weapons/Tenno/LongGuns/PrimeAstilla/AstillaPrimeWeapon,Astilla,30.0,60.0,0.5,4.0,2.0,6.0
Astilla Prime,Auto,Glass Explosion,0.0,49.0,91.0,0,0,0,0,0,0,0,0,0,0.0,0,140.0,606.2,140.0,0.21,1.9,166.46,720.7718,529.65472137171,23970.24,0.37,,0.37,1.6021,1,4.33,0.0,1.1,14,24,40,120,2.0,AoE,,0.0,25.0,Update 30.3,2021-05-25,Primary,Shotgun,Primary,2.4,/Lotus/Weapons/Tenno/LongGuns/PrimeAstilla/AstillaPrimeWeapon,Astilla,0.0,2.4,0.3,,,
Gorgon,Auto-Spool,Fully Spooled,18.75,3.75,2.5,0,0,0,0,0,0,0,0,0,0.0,0,25.0,312.5,25.0,0.17,1.5,27.125,339.0625,214.14473684211,17088.75,0.09,,0.09,1.125,1,12.5,0.0,1.4,3,90,80,540,4.2,Hit-Scan,,0.0,12.5,Vanilla,2012-10-25,Primary,Rifle,Primary,300.0,/Lotus/Weapons/Tenno/Rifle/HeavyRifle,Gorgon,0.0,inf,0.0,8.0,7.0,9.0
Gorgon,Auto Charge,Incarnon Form,20.0,60.0,20.0,0,0,0,0,0,0,0,0,0,0.0,0,100.0,83.3,100.0,0.21,1.9,118.9,99.0437,95.337609333188,74907.0,0.19,,0.19,0.15827,1,0.833,0.0,1.4,3,90,80,540,4.2,Projectile,,0.0,25.0,Vanilla,2012-10-25,Primary,Rifle,Primary,0.0,/Lotus/Weapons/Tenno/Rifle/HeavyRifle,Gorgon,0.0,inf,0.0,4.0,2.0,6.0
Gorgon,Auto-Spool,Incarnon Form AoE,0.0,0.0,0.0,0,0,750,0,0,0,0,0,0,0.0,0,750.0,624.75,750.0,0.21,1.9,891.75,742.82775,715.03206999891,561802.5,0.19,,1.19,0.99127,1,0.833,0.0,1.4,3,90,80,540,4.2,AoE,,0.0,12.5,Vanilla,2012-10-25,Primary,Rifle,Primary,5.0,/Lotus/Weapons/Tenno/Rifle/HeavyRifle,Gorgon,0.0,5.0,0.1,,,
Baza,Auto,Normal Attack,5.76,6.72,3.52,0,0,0,0,0,0,0,0,0,0.0,0,16.0,266.72,16.0,0.26,3.0,24.32,405.4144,256.03233445957,20428.8,0.1,,0.1,1.667,1,16.67,0.0,1.05,7,40,80,800,1.4,Hit-Scan,,0.0,80.0,Update 22.4,2017-11-23,Primary,Rifle,Primary,300.0,/Lotus/Weapons/Tenno/LongGuns/TnSMG/TnSMGWeapon,Baza,22.0,34.0,0.5,1.25,1.0,1.5
Cernos Prime,Semi-Auto,Uncharged Horizontal/Vertical Shot,82.8,4.6,4.6,0,0,0,0,0,0,0,0,0,0.0,0,92.0,424.61538461538,276.0,0.35,2.0,372.6,573.23076923077,225.81818181818,27199.8,0.3,,0.9,1.3846153846154,3,1.0,0.0,1.25,12,1,15,72,0.65,Projectile,70,0.0,16.7,Hotfix 19.0.7,2016-11-22,Primary,Bow,Primary,0.0,/Lotus/Weapons/Tenno/Bows/PrimeCernos/PrimeCernos,Cernos,0.0,inf,0.0,6.0,0.0,12.0
Cernos Prime,Charge,Charged Horizontal/Vertical Shot,165.6,9.2,9.2,0,0,0,0,0,0,0,0,0,0.0,0,184.0,849.23076923077,552.0,0.35,2.0,745.2,1146.4615384615,648,54399.6,0.3,,0.9,0.78260869565217,3,1.0,0.5,1.25,12,1,15,72,0.65,Projectile,95,1.0,16.7,Hotfix 19.0.7,2016-11-22,Primary,Bow,Primary,0.0,/Lotus/Weapons/Tenno/Bows/PrimeCernos/PrimeCernos,Cernos,0.0,inf,0.0,,,
Arca Plasmor,Semi-Auto,Normal Attack,0.0,0.0,0.0,0,0,0,0,0,0,0,0,600,0.0,0,600.0,660.0,600.0,0.22,1.6,679.2,747.12,571.19266055046,40752.0,0.28,,1.28,1.408,1,1.1,0.0,0.95,10,10,15,50,2.8,Projectile,60,0.0,9.1,Update 21.7,2017-09-09,Primary,Shotgun,Primary,30.0,/Lotus/Weapons/Corpus/LongGuns/CrpShotgun/CrpShotgun,Arca Plasmor,10.0,20.0,0.6667,11.0,6.0,16.0
Hind,Burst / Semi,Burst Mode,7.5,7.5,15.0,0,0,0,0,0,0,0,0,0,0.0,0,30.0,150.0,30.0,0.07,1.5,155.25,64.6875,60.790662650602,93926.25,0.15,,0.15,0.75,1,5.0,0.0,1.42,0,65,80,540,2.0,Hit-Scan,,0.0,33.33,Update 9.6,2013-08-16,Primary,Rifle,Primary,300.0,/Lotus/Weapons/Grineer/LongGuns/BurstRifle/GrnBurstRifle,Hind,0.0,inf,0.0,3.0,0.0,6.0
Hind,Semi-Auto,Semi-Auto Mode,12.0,12.0,36.0,0,0,0,0,0,0,0,0,0,0.0,0,60.0,150.0,60.0,0.15,2.0,69.0,172.5,160.17857142857,41745.0,0.1,,0.1,0.25,1,2.5,0.0,1.42,0,65,80,540,2.0,,,0.0,28.6,Update 9.6,2013-08-16,Primary,Rifle,Primary,0.0,/Lotus/Weapons/Grineer/LongGuns/BurstRifle/GrnBurstRifle,Hind,0.0,inf,0.0,3.5,0.0,7.0
Corinth,Semi-Auto,Buckshot,25.2,37.8,27.0,0,0,0,0,0,0,0,0,0,0.0,0,90.0,631.8,540.0,0.3,2.8,831.6,972.972,632.53933168639,116424.0,0.06,,0.36,0.4212,6,1.17,0.0,1.15,8,5,15,135,2.3,Hit-Scan,,0.0,9.1,Update 22.8,2017-12-21,Primary,Shotgun,Primary,300.0,/Lotus/Weapons/Tenno/LongGuns/TnHeavyShotgun/TnHeavyShotgunGun,Corinth,18.0,36.0,0.6667,11.0,6.0,16.0
Corinth,Semi-Auto,Air Burst Projectile,100.0,0.0,0.0,0,0,0,0,0,0,0,0,0,0.0,0,100.0,117.0,100.0,0.04,1.6,102.4,119.808,77.888441034976,14336.0,0.28,,1.28,1.4976,1,1.17,0.0,1.15,8,5,15,135,2.3,Projectile,80,0.0,9.1,Update 22.8,2017-12-21,Primary,Shotgun,Primary,0.0,/Lotus/Weapons/Tenno/LongGuns/TnHeavyShotgun/TnHeavyShotgunGun,Corinth,0.0,inf,0.0,11.0,6.0,16.0
Corinth,Semi-Auto,Air Burst Explosion,0.0,0.0,0.0,0,0,0,0,404,0,0,0,0,0.0,0,404.0,472.68,404.0,0.04,1.6,413.696,484.02432,314.6693017813,57917.44,0.28,,1.28,1.4976,1,1.17,0.0,1.15,8,5,15,135,2.3,AoE,,0.0,9.1,Update 22.8,2017-12-21,Primary,Shotgun,Primary,9.4,/Lotus/Weapons/Tenno/LongGuns/TnHeavyShotgun/TnHeavyShotgunGun,Corinth,0.0,9.4,0.9,,,
Boar Prime,Auto,Normal Attack,26.0,6.0,8.0,0,0,0,0,0,0,0,0,0,0.0,0,40.0,1494.4,320.0,0.15,2.0,368.0,1718.56,1046.5463956763,51520.0,0.1125,,0.9,4.203,8,4.67,0.0,1.34,11,20,40,120,2.75,Hit-Scan,,0.0,5.0,Update 10.0,2013-09-13,Primary,Shotgun,Primary,300.0,/Lotus/Weapons/Tenno/Shotgun/PrimeBoar,Boar,18.0,25.0,0.7,20.0,10.0,30.0
Boar Prime,Held,Incarnon Form,0.0,0.0,0.0,0,0,30,0,0,0,0,0,0,0.0,0,30.0,240.0,30.0,0.2,2.2,37.2,297.6,141.71428571429,5208.0,0.24,,0.24,1.92,1,8.0,0.0,1.34,11,20,40,120,2.75,Hit-Scan,,0.0,100.0,Update 10.0,2013-09-13,Primary,Shotgun,Primary,20.0,/Lotus/Weapons/Tenno/Shotgun/PrimeBoar,Boar,0.0,inf,0.0,0.0,0.0,0.0
Carmine Penta,Active,Grenade Impact,75.0,0.0,0.0,0,0,0,0,0,0,0,0,0,0.0,0,75.0,202.5,75.0,0.1,2.0,82.5,222.75,132.98507462687,4125.0,0.1,,0.1,0.27,1,2.7,0.0,1.25,6,10,5,40,2.5,Projectile,20,0.0,100.0,Update 29.10,2021-03-19,Primary,Launcher,Primary,0.0,/Lotus/Weapons/Corpus/LongGuns/GrenadeLauncher/CarminePenta,Penta,0.0,inf,0.0,0.0,0.0,0.0
Carmine Penta,Active,Grenade Detonation,0.0,0.0,0.0,0,0,0,0,350,0,0,0,0,0.0,0,350.0,945.0,350.0,0.1,2.0,385.0,1039.5,620.59701492537,19250.0,0.1,,0.1,0.27,1,2.7,0.0,1.25,6,10,5,40,2.5,AoE,,0.0,100.0,Update 29.10,2021-03-19,Primary,Launcher,Primary,4.0,/Lotus/Weapons/Corpus/LongGuns/GrenadeLauncher/CarminePenta,Penta,0.0,4.0,0.5,,,
Dex Sybaris,Burst,Normal Attack,22.5,18.75,33.75,0,0,0,0,0,0,0,0,0,0.0,0,75.0,249.75,75.0,0.35,2.0,202.5,337.1625,513.58695652174,112185.0,0.1,,0.1,0.333,1,3.33,0.0,1.3,7,14,80,540,1.5,Hit-Scan,,0.0,28.6,Hotfix 18.6.2,2016-03-22,Primary,Rifle,Primary,300.0,/Lotus/Weapons/Tenno/LongGuns/DexTheThird/DexTheThird,Sybaris,0.0,inf,0.0,3.5,2.0,5.0
Dex Sybaris,Burst,Incarnon Form,28.8,24.0,43.2,0,0,0,0,0,0,0,0,0,0.0,0,96.0,319.68,96.0,0.3,3.0,614.4,511.488,407.27272727273,340377.6,0.2,,1.2,3.996,1,3.33,0.0,1.3,7,14,80,540,1.5,Hit-Scan,,0.0,28.6,Hotfix 18.6.2,2016-03-22,Primary,Rifle,Primary,300.0,/Lotus/Weapons/Tenno/LongGuns/DexTheThird/DexTheThird,Sybaris,0.0,inf,0.0,3.5,2.0,5.0
Convectrix,Held,Normal Attack,1.2,1.2,9.6,0,0,0,0,0,0,0,0,0,0.0,0,12.0,288.0,24.0,0.16,2.4,29.376,352.512,300.92487804878,45239.04,0.45,,0.9,10.8,2,12.0,0.0,1.46,7,70,80,700,2.0,Hit-Scan,,0.6,50.0,Update 17.5,2015-10-01,Primary,Shotgun,Primary,30.0,/Lotus/Weapons/Corpus/LongGuns/CrpSplitLaser/CrpSplitLaser,Convectrix,0.0,inf,0.0,2.0,2.0,2.0
Convectrix,Held,Alt-Fire,0.9,0.9,7.2,0,0,0,0,0,0,0,0,0,0.0,0,9.0,288.0,18.0,0.16,2.4,22.032,352.512,286.92837209302,33929.28,0.45,,0.9,14.4,2,16.0,0.0,1.46,7,70,80,700,2.0,Hit-Scan,,0.6,50.0,Update 17.5,2015-10-01,Primary,Shotgun,Primary,30.0,/Lotus/Weapons/Corpus/LongGuns/CrpSplitLaser/CrpSplitLaser,Convectrix,0.0,inf,0.0,2.0,2.0,2.0
Quanta,Held,Beam,0.0,0.0,0.0,0,10,0,0,0,0,0,0,0,0.0,0,10.0,240.0,20.0,0.16,2.2,23.84,286.08,238.4,28608.0,0.24,,0.48,5.76,2,12.0,0.0,1.4,4,60,80,540,2.0,Hit-Scan,,0.0,100.0,Update 14.1,2014-07-30,Primary,Rifle,Primary,50.0,/Lotus/Weapons/Corpus/LongGuns/CrpShockRifle/CrpShockRifle,Quanta,0.0,inf,0.0,0.0,0.0,0.0
Quanta,Held,Cube (direct hit),0.0,0.0,0.0,0,100,0,0,0,0,0,0,0,0.0,0,100.0,400.0,100.0,0.05,1.5,102.5,410.0,175.71428571429,6150.0,0.26,,0.26,1.04,1,4.0,0.0,1.4,4,60,80,540,2.0,Projectile,25,0.0,25.0,Update 14.1,2014-07-30,Primary,Rifle,Primary,15.0,/Lotus/Weapons/Corpus/LongGuns/CrpShockRifle/CrpShockRifle,Quanta,0.0,inf,0.0,4.0,2.0,6.0
Quanta,Held,Cube Explosion,0.0,0.0,0.0,0,0,0,0,150,0,0,0,0,0.0,0,150.0,600.0,150.0,0.05,1.5,153.75,615.0,542.64705882353,92250.0,0.26,,0.26,1.04,1,4.0,0.0,1.4,4,60,80,540,2.0,AoE,,0.0,100.0,Update 14.1,2014-07-30,Primary,Rifle,Primary,0.5,/Lotus/Weapons/Corpus/LongGuns/CrpShockRifle/CrpShockRifle,Quanta,0.0,inf,0.0,,,
Quanta,Held,Cube (shot by player),0.0,0.0,0.0,0,0,0,0,600,0,0,0,0,0.0,0,600.0,2400.0,600.0,0.05,1.5,615.0,2460.0,2170.5882352941,369000.0,0.26,,0.26,1.04,1,4.0,0.0,1.4,4,60,80,540,2.0,,,0.0,100.0,Update 14.1,2014-07-30,Primary,Rifle,Primary,6.0,/Lotus/Weapons/Corpus/LongGuns/CrpShockRifle/CrpShockRifle,Quanta,0.0,inf,0.0,,,
Tiberon Prime,Burst / Semi / Auto,Burst,14.4,19.2,14.4,0,0,0,0,0,0,0,0,0,0.0,0,48.0,240.0,48.0,0.28,3.0,224.64,374.4,360.66055045872,130740.48,0.2,,0.2,1.0,1,5.0,0.0,1.0,14,42,80,540,2.0,Hit-Scan,,0.0,33.33,Hotfix 22.16.4,2018-03-20,Primary,Rifle,Primary,300.0,/Lotus/Weapons/Tenno/LongGuns/PrimeTiberon/PrimeTiberonRifle,Tiberon,0.0,inf,0.0,3.0,0.0,6.0
Tiberon Prime,Burst / Semi / Auto,Semi-Auto,14.4,19.2,14.4,0,0,0,0,0,0,0,0,0,0.0,0,48.0,240.0,48.0,0.42,3.4,96.384,481.92,389.24307692308,56095.488,0.18,,0.18,0.9,1,5.0,0.0,1.0,14,42,80,540,2.0,Hit-Scan,,0.0,33.33,Hotfix 22.16.4,2018-03-20,Primary,Rifle,Primary,300.0,/Lotus/Weapons/Tenno/LongGuns/PrimeTiberon/PrimeTiberonRifle,Tiberon,0.0,inf,0.0,3.0,0.0,6.0
Tiberon Prime,Burst / Semi / Auto,Auto,14.4,19.2,14.4,0,0,0,0,0,0,0,0,0,0.0,0,48.0,399.84,48.0,0.16,2.8,61.824,514.99392,368.73073031026,35981.568,0.32,,0.32,2.6656,1,8.33,0.0,1.0,14,42,80,540,2.0,Hit-Scan,,0.0,33.33,Hotfix 22.16.4,2018-03-20,Primary,Rifle,Primary,300.0,/Lotus/Weapons/Tenno/LongGuns/PrimeTiberon/PrimeTiberonRifle,Tiberon,0.0,inf,0.0,3.0,0.0,6.0
Paracyst,Burst,Normal Attack,0.0,0.0,0.0,0,0,0,33,0,0,0,0,0,0.0,0,33.0,274.89,33.0,0.1,2.0,108.9,302.379,272.25,65340.0,0.3,,0.3,2.499,1,8.33,0.0,1.315,7,60,80,540,2.0,Projectile,100,0.0,50.0,Update 15.5,2014-11-27,Primary,Rifle,Primary,0.0,/Lotus/Weapons/Infested/LongGuns/QuantaFullyInfested/InfQuantaRifle,Paracyst,0.0,inf,0.0,2.0,0.0,4.0
Paracyst,Burst,Infested Harpoon,0.0,0.0,0.0,0,0,0,15,0,0,0,0,0,0.0,0,15.0,75.0,15.0,0.0,1.0,15.0,60.0,52.941176470588,9000.0,0.3,,0.3,0.66666666666667,1,5.0,0.25,1.315,7,60,80,540,2.0,Projectile,80,0.0,50.0,Update 15.5,2014-11-27,Primary,Rifle,Primary,50.0,/Lotus/Weapons/Infested/LongGuns/QuantaFullyInfested/InfQuantaRifle,Paracyst,0.0,inf,0.0,2.0,0.0,4.0
Paracyst,Burst,Infested Harpoon Contact,0.0,0.0,0.0,0,0,0,15,0,0,0,0,0,0.0,0,15.0,15.0,15.0,0.0,1.0,15.0,15.0,14.516129032258,9000.0,0.3,,0.3,0.3,1,1.0,0.0,1.315,7,60,80,540,2.0,,,0.0,,Update 15.5,2014-11-27,Primary,Rifle,Primary,0.0,/Lotus/Weapons/Infested/LongGuns/QuantaFullyInfested/InfQuantaRifle,Paracyst,0.0,inf,0.0,,,
Prisma Grakata,Auto,Normal Attack,6.0,5.0,4.0,0,0,0,0,0,0,0,0,0,0.0,0,15.0,325.05,15.0,0.25,2.5,20.625,446.94375,328.35343455369,23100.0,0.21,,0.21,4.5507,1,21.67,0.0,1.3,11,120,80,1000,2.0,Hit-Scan,,0.0,28.6,Hotfix 16.8.3,2015-06-12,Primary,Rifle,Primary,300.0,/Lotus/Weapons/VoidTrader/PrismaGrakata,Grakata,0.0,inf,0.0,3.5,2.0,5.0
Nagantaka,Semi / Mag Burst,Semi-Auto,1.6,14.3,143.1,0,0,0,0,0,0,0,0,0,0.0,0,159.0,397.5,159.0,0.15,2.3,190.005,475.0125,289.83813559322,104312.745,0.39,,1.39,3.475,1,2.5,0.0,1.3,9,9,80,540,2.3,Projectile,100,0.0,40.0,Update 24.0,2018-11-08,Primary,Crossbow,Primary,0.0,/Lotus/Weapons/Tenno/LongGuns/GarudaCrossbow/GarudaCrossbow,Nagantaka,0.0,inf,0.0,2.5,0.0,5.0
Nagantaka,Semi / Mag Burst,Burst Shot,1.6,14.3,143.1,0,0,0,0,0,0,0,0,0,0.0,0,159.0,795.0,159.0,0.15,2.3,1710.045,158.3375,133.597265625,938814.705,0.39,,1.39,6.95,1,5.0,0.0,1.3,9,9,80,540,2.0,Projectile,100,0.0,40.0,Update 24.0,2018-11-08,Primary,Crossbow,Primary,0.0,/Lotus/Weapons/Tenno/LongGuns/GarudaCrossbow/GarudaCrossbow,Nagantaka,0.0,inf,0.0,2.5,0.0,5.0
Ogris,Charge,Rocket Impact,0.0,0.0,0.0,0,0,0,0,100,0,0,0,0,0.0,0,100.0,150.0,100.0,0.05,2.0,105.0,157.5,131.25,2625.0,0.35,,0.35,0.36206896551724,1,1.5,0.3,1.3,9,5,5,20,2.5,Projectile,40,0.0,100.0,Update 8.0,2013-05-23,Primary,Launcher,Primary,0.0,/Lotus/Weapons/ClanTech/Chemical/RocketLauncher,Ogris,0.0,inf,0.0,0.0,0.0,0.0
Ogris,Charge,Rocket Explosion,0.0,0.0,0.0,0,0,0,0,600,0,0,0,0,0.0,0,600.0,900.0,600.0,0.05,2.0,630.0,945.0,540,15750.0,0.35,,0.35,0.525,1,1.5,0.0,1.3,9,5,5,20,2.5,AoE,,0.0,100.0,Update 8.0,2013-05-23,Primary,Launcher,Primary,7.1,/Lotus/Weapons/ClanTech/Chemical/RocketLauncher,Ogris,0.0,7.1,0.8,,,
Soma,Auto-Spool,Fully Spooled,1.2,4.8,6.0,0,0,0,0,0,0,0,0,0,0.0,0,12.0,180.0,12.0,0.3,3.0,19.2,288.0,198.62068965517,12288.0,0.07,,0.07,1.05,1,15.0,0.0,1.15,6,100,80,540,3.0,Hit-Scan,,0.0,28.6,Update 10.0,2013-09-13,Primary,Rifle,Primary,300.0,/Lotus/Weapons/Tenno/Rifle/TennoAR,Soma,0.0,inf,0.0,3.5,2.0,5.0
Soma,Auto-Spool,Incarnon Form,0.48,2.24,5.28,0,0,0,0,0,0,0,0,0,0.0,0,8.0,448.0,64.0,0.1,3.0,76.8,537.6,444.29752066116,49152.0,0.025,,0.2,1.4,8,7.0,0.0,1.15,6,100,80,540,3.0,Hit-Scan,,0.8,8.0,Update 10.0,2013-09-13,Primary,Rifle,Primary,300.0,/Lotus/Weapons/Tenno/Rifle/TennoAR,Soma,0.0,0.0,0.0,12.5,5.0,20.0
Synoid Simulor,Active,Orb Launch,0.0,0.0,0.0,0,0,0,0,0,0,0,0,0,0.0,0,0.0,0.0,0.0,0.0,1.0,0.0,0.0,0,0.0,0.0,,0.0,0.0,1,3.33,0.0,1.2,12,16,15,96,2.0,Projectile,,0.0,28.6,Update 17.3,2015-09-02,Primary,Rifle,Primary,12.0,/Lotus/Weapons/Syndicates/CephalonSuda/LongGuns/CSSimulor,Simulor,0.0,inf,0.0,3.5,0.0,7.0
Synoid Simulor,Active,Orb Merging Damage,0.0,0.0,0.0,0,0,0,0,0,0,0,125,0,0.0,0,125.0,416.25,125.0,0.14,2.0,142.5,474.525,335.05736981465,15960.0,0.35,,0.35,1.1655,1,3.33,0.0,1.2,12,16,15,96,2.0,AoE,,0.0,28.6,Update 17.3,2015-09-02,Primary,Rifle,Primary,4.0,/Lotus/Weapons/Syndicates/CephalonSuda/LongGuns/CSSimulor,Simulor,0.0,4.0,0.0,,,
Synoid Simulor,Active,Orb Explosion,0.0,0.0,0.0,0,0,0,0,0,0,0,240,0,0.0,0,240.0,799.2,240.0,0.14,2.0,273.6,911.088,643.31015004413,30643.2,0.35,,1.35,4.4955,1,3.33,0.0,1.2,12,16,15,96,2.0,AoE,,0.0,28.6,Update 17.3,2015-09-02,Primary,Rifle,Primary,5.0,/Lotus/Weapons/Syndicates/CephalonSuda/LongGuns/CSSimulor,Simulor,0.0,5.0,1.0,,,
Synoid Simulor,Active,Singularity,0.0,0.0,0.0,0,0,0,0,0,0,0,50,0,0.0,0,50.0,200.0,50.0,0.0,0.0,50.0,200.0,133.33333333333,5600.0,0.0,,0.0,0.0,1,4.0,0.0,1.2,12,16,15,96,2.0,,,0.0,28.6,Update 17.3,2015-09-02,Primary,Rifle,Primary,5.0,/Lotus/Weapons/Syndicates/CephalonSuda/LongGuns/CSSimulor,Simulor,0.0,5.0,0.0,,,
Panthera Prime,Auto,Normal Attack,20.0,10.0,70.0,0,0,0,0,0,0,0,0,0,0.0,0,100.0,367.0,100.0,0.18,2.0,118.0,433.06,354.90903130634,23600.0,0.3,,0.3,1.101,1,3.67,0.0,1.25,14,80,80,320,2.4,Projectile,80,0.0,80.0,Update 28.2,2020-07-14,Primary,Rifle,Primary,0.0,/Lotus/Weapons/Tenno/LongGuns/PrimePanthera/PrimePanthera,Panthera,0.0,inf,0.0,1.25,1.0,1.5
Panthera Prime,Auto,Radial Attack,0.0,0.0,20.0,0,0,0,0,0,0,0,0,0,0.0,0,20.0,73.4,20.0,0.18,2.0,23.6,86.612,78.021799837852,9440.0,0.3,,0.3,1.101,1,3.67,0.0,1.25,14,80,80,320,2.4,AoE,,0.0,80.0,Update 28.2,2020-07-14,Primary,Rifle,Primary,1.6,/Lotus/Weapons/Tenno/LongGuns/PrimePanthera/PrimePanthera,Panthera,0.0,1.6,0.2,,,
Panthera Prime,Auto,Alt-Fire,0.0,0.0,100.0,0,0,0,0,0,0,0,0,0,0.0,0,100.0,200.0,100.0,0.26,2.0,126.0,252.0,237.7358490566,50400.0,0.38,,1.38,2.76,1,2.0,0.0,1.25,14,80,80,320,2.4,Hit-Scan,,0.0,100.0,Update 28.2,2020-07-14,Primary,Rifle,Primary,6.0,/Lotus/Weapons/Tenno/LongGuns/PrimePanthera/PrimePanthera,Panthera,0.0,inf,0.0,0.0,0.0,0.0
Tenet Flux Rifle,Auto,Normal Attack,0.0,4.84,17.16,0,0,0,0,0,0,0,0,0,0.0,0,22.0,330.0,22.0,0.2,1.8,40.832,612.48,499.98367346939,53898.24,0.26,,0.26,3.9,1,15.0,0.0,1.1,16,120,80,1200,1.8,Hit-Scan,,0.0,200.0,Update 30.5,2021-07-06,Primary,Rifle,Primary,300.0,/Lotus/Weapons/Corpus/BoardExec/Primary/CrpBEFluxRifle/CrpBEFluxRifle,Flux Rifle,0.0,inf,0.0,0.5,0.0,1.0
Tenet Envoy,Auto,Grenade Impact,100.0,0.0,0.0,0,0,0,0,0,0,0,0,0,0.0,0,100.0,83.0,100.0,0.28,2.6,231.68,192.2944,135.8971024735,5560.32,0.24,,0.24,0.1992,1,0.83,0.0,0.65,16,8,4,16,4.0,Projectile,40,0.0,100.0,Update 30.5,2021-07-06,Primary,Launcher,Primary,0.0,/Lotus/Weapons/Corpus/LongGuns/CrpBriefcaseLauncher/CrpBriefcaseLauncher,Tenet Envoy,0.0,inf,0.0,0.0,0.0,0.0
Tenet Envoy,Auto,Rocket Explosion,0.0,0.0,0.0,640,0,0,0,0,0,0,0,0,0.0,0,640.0,531.2,640.0,0.28,2.6,1482.752,1230.68416,869.74145583039,35586.048,0.24,,0.24,0.1992,1,0.83,0.0,0.65,16,8,4,16,4.0,AoE,,0.0,100.0,Update 30.5,2021-07-06,Primary,Launcher,Primary,8.0,/Lotus/Weapons/Corpus/LongGuns/CrpBriefcaseLauncher/CrpBriefcaseLauncher,Tenet Envoy,0.0,8.0,0.8,,,
Nagantaka Prime,Semi / Mag Burst,Semi-Auto,1.7,15.6,155.7,0,0,0,0,0,0,0,0,0,0.0,0,173.0,432.5,173.0,0.25,2.3,229.225,573.0625,376.33955223881,126302.975,0.39,,1.39,3.475,1,2.5,0.0,1.15,12,11,80,540,2.3,Projectile,100,0.0,40.0,Update 31.3,2022-03-28,Primary,Crossbow,Primary,0.0,/Lotus/Weapons/Tenno/LongGuns/PrimeNagantaka/PrimeNagantakaWeapon,Nagantaka,0.0,inf,0.0,2.5,0.0,5.0
Nagantaka Prime,Semi / Mag Burst,Burst Shot,1.7,15.6,155.7,0,0,0,0,0,0,0,0,0,0.0,0,173.0,865.0,173.0,0.25,2.3,2521.475,208.38636363636,178.8280141844,1389332.725,0.39,,1.39,6.95,1,5.0,0.0,1.15,12,11,80,540,2.0,Projectile,100,0.0,40.0,Update 31.3,2022-03-28,Primary,Crossbow,Primary,0.0,/Lotus/Weapons/Tenno/LongGuns/PrimeNagantaka/PrimeNagantakaWeapon,Nagantaka,0.0,inf,0.0,2.5,0.0,5.0
Phage,Held,Normal Attack,0.0,0.0,0.0,0,0,0,0,0,0,0,0,0,5.0,0,5.0,420.0,35.0,0.19,2.0,41.65,499.8,441,67473.0,0.155,,1.085,13.02,7,12.0,0.0,1.46,11,90,80,720,2.0,Hit-Scan,,0.0,50.0,Update 12.0,2014-02-05,Primary,Shotgun,Primary,25.0,/Lotus/Weapons/Infested/LongGuns/Tentacluster/InfestedShotgun,Phage,0.0,inf,0.0,2.0,2.0,2.0
Panthera,Auto,Normal Attack,20.0,10.0,70.0,0,0,0,0,0,0,0,0,0,0.0,0,100.0,300.0,100.0,0.12,2.0,112.0,336.0,280,33600.0,0.24,,0.24,0.72,1,3.0,0.0,1.4,7,60,80,540,2.0,Projectile,60,0.0,100.0,Update 15.10,2015-01-15,Primary,Rifle,Primary,0.0,/Lotus/Weapons/Tenno/LongGuns/Miter/TnoMiter,Panthera,0.0,inf,0.0,0.0,0.0,0.0
Panthera,Auto,Alt-Fire,10.0,10.0,80.0,0,0,0,0,0,0,0,0,0,0.0,0,100.0,200.0,100.0,0.25,2.0,125.0,250.0,234.375,75000.0,0.35,,1.35,2.7,1,2.0,0.0,1.4,7,60,80,540,2.0,Hit-Scan,,0.0,100.0,Update 15.10,2015-01-15,Primary,Rifle,Primary,6.0,/Lotus/Weapons/Tenno/LongGuns/Miter/TnoMiter,Panthera,0.0,inf,0.0,0.0,0.0,0.0
Tiberon,Burst,Normal Attack,11.0,22.0,11.0,0,0,0,0,0,0,0,0,0,0.0,0,44.0,293.48,44.0,0.26,2.4,180.048,400.30672,307.24914675768,102627.36,0.16,,0.16,1.0672,1,6.67,0.0,1.1,10,30,80,540,2.26,Hit-Scan,,0.0,33.33,Update 14.9,2014-10-01,Primary,Rifle,Primary,300.0,/Lotus/Weapons/Tenno/LongGuns/DrakeRifle/DrakeRifle,Tiberon,0.0,inf,0.0,3.0,0.0,6.0
Higasa,Burst,Auto,0.0,15.6,10.4,0,0,0,0,0,0,0,0,0,0.0,0,26.0,65.0,26.0,0.24,2.0,161.2,80.6,75.366233766234,101556.0,0.18,,0.18,0.45,1,2.5,0.0,0.75,2,90,80,540,2.5,Projectile,,0.0,100.0,Update 37.0,2024-10-02,Primary,Rifle,Primary,0.0,,Higasa,0.0,inf,0.0,,,
Higasa,Charge,Charged Shot,0.0,0.0,0.0,0,0,0,0,390,0,0,0,0,0.0,0,390.0,468.0,390.0,0.24,2.0,483.6,483.6,-nan,inf,0.18,,0.18,0.098181818181818,1,1.2,1.0,0.75,2,90,80,540,2.5,Hit-Scan,,2.0,100.0,Update 37.0,2024-10-02,Primary,Rifle,Primary,300.0,,Higasa,0.0,inf,0.0,,,
Zhuge Prime,Auto,Arrow Impact,10.0,22.5,17.5,0,0,0,0,0,0,0,0,0,0.0,0,50.0,275.0,50.0,0.26,2.0,63.0,346.5,223.54838709677,18900.0,0.3,,0.3,1.65,1,5.5,0.0,1.15,14,30,60,270,3.0,Projectile,80,0.0,40.0,Update 25.3,2019-07-06,Primary,Crossbow,Primary,0.0,/Lotus/Weapons/Tenno/LongGuns/PrimeZhuge/PrimeZhugeCrossbow,Zhuge,0.0,inf,0.0,2.5,0.0,5.0
Zhuge Prime,Auto,Arrow Explosion,11.2,4.0,24.8,0,0,0,0,0,0,0,0,0,0.0,0,40.0,220.0,40.0,0.26,2.0,50.4,277.2,178.83870967742,15120.0,0.3,,0.3,1.65,1,5.5,0.0,1.15,14,30,60,270,3.0,AoE,,0.0,40.0,Update 25.3,2019-07-06,Primary,Crossbow,Primary,2.6,/Lotus/Weapons/Tenno/LongGuns/PrimeZhuge/PrimeZhugeCrossbow,Zhuge,0.0,2.6,0.3,,,
Zenith,Auto / Semi,Auto Mode,4.5,6.0,19.5,0,0,0,0,0,0,0,0,0,0.0,0,30.0,324.9,30.0,0.1,2.0,33.0,357.39,299.68973613596,20790.0,0.34,,0.34,3.6822,1,10.83,0.0,1.1,10,90,80,540,1.6,Hit-Scan,,0.0,33.33,Update 20.2,2017-04-12,Primary,Rifle,Primary,300.0,/Lotus/Weapons/Tenno/LongGuns/LoginPrimary/SundialRifle,Zenith,0.0,inf,0.0,3.0,2.0,4.0
Zenith,Semi-Auto,Semi-Auto Mode,15.0,120.0,15.0,0,0,0,0,0,0,0,0,0,0.0,0,150.0,450.0,150.0,0.35,2.5,228.75,686.25,601.97368421053,48037.5,0.08,,0.08,0.24,1,3.0,0.0,1.1,10,90,80,540,1.4,Hit-Scan,,99999.0,33.33,Update 20.2,2017-04-12,Primary,Rifle,Primary,300.0,/Lotus/Weapons/Tenno/LongGuns/LoginPrimary/SundialRifle,Zenith,0.0,inf,0.0,3.0,2.0,4.0
Cernos,Semi-Auto,Uncharged Shot,171.0,9.5,9.5,0,0,0,0,0,0,0,0,0,0.0,0,190.0,316.66666666667,190.0,0.36,2.0,258.4,430.66666666667,161.5,18863.2,0.18,,0.18,0.3,1,1.0,0.0,1.3,6,1,15,72,0.6,Projectile,70,0.0,16.7,Update 11.1,2013-11-27,Primary,Bow,Primary,0.0,/Lotus/Weapons/Tenno/Bows/AntlerBow/AntlerBow,Cernos,0.0,inf,0.0,6.0,0.0,12.0
Cernos,Charge,Charged Shot,342.0,19.0,19.0,0,0,0,0,0,0,0,0,0,0.0,0,380.0,633.33333333333,380.0,0.36,2.0,516.8,861.33333333333,469.81818181818,37726.4,0.18,,0.18,0.16363636363636,1,1.0,0.5,1.3,6,1,15,72,0.6,Projectile,90,1.0,16.7,Update 11.1,2013-11-27,Primary,Bow,Primary,0.0,/Lotus/Weapons/Tenno/Bows/AntlerBow/AntlerBow,Cernos,0.0,inf,0.0,,,
Vulkar,Semi-Auto,Unzoomed,180.0,33.8,11.2,0,0,0,0,0,0,0,0,0,0.0,0,225.0,337.5,225.0,0.2,2.0,270.0,405.0,231.42857142857,21060.0,0.25,,1.25,1.875,1,1.5,0.0,1.45,3,6,15,72,3.0,Hit-Scan,,1.0,13.3,Update 8.0,2013-05-23,Primary,Sniper Rifle,Primary,1000.0,/Lotus/Weapons/Grineer/LongGuns/GrineerSniperRifle/GrnSniperRifle,Vulkar,400.0,600.0,0.5,7.5,0.0,15.0
Vulkar,Semi-Auto,2.5x Zoom,180.0,33.8,11.2,0,0,0,0,0,0,0,0,0,0.0,0,225.0,337.5,225.0,0.2,2.0,270.0,405.0,231.42857142857,21060.0,0.25,,1.25,1.875,1,1.5,0.0,1.45,3,6,15,72,3.0,Hit-Scan,,1.0,13.3,Update 8.0,2013-05-23,Primary,Sniper Rifle,Primary,1000.0,/Lotus/Weapons/Grineer/LongGuns/GrineerSniperRifle/GrnSniperRifle,Vulkar,400.0,600.0,0.5,,,
Vulkar,Semi-Auto,4x Zoom,180.0,33.8,11.2,0,0,0,0,0,0,0,0,0,0.0,0,225.0,337.5,225.0,0.2,2.0,270.0,405.0,231.42857142857,21060.0,0.25,,1.25,1.875,1,1.5,0.0,1.45,3,6,15,72,3.0,Hit-Scan,,1.0,13.3,Update 8.0,2013-05-23,Primary,Sniper Rifle,Primary,1000.0,/Lotus/Weapons/Grineer/LongGuns/GrineerSniperRifle/GrnSniperRifle,Vulkar,400.0,600.0,0.5,,,
Vulkar,Semi-Auto,8x Zoom,180.0,33.8,11.2,0,0,0,0,0,0,0,0,0,0.0,0,225.0,337.5,225.0,0.2,2.0,270.0,405.0,231.42857142857,21060.0,0.25,,1.25,1.875,1,1.5,0.0,1.45,3,6,15,72,3.0,Hit-Scan,,1.0,13.3,Update 8.0,2013-05-23,Primary,Sniper Rifle,Primary,1000.0,/Lotus/Weapons/Grineer/LongGuns/GrineerSniperRifle/GrnSniperRifle,Vulkar,400.0,600.0,0.5,,,
Synapse,Held,Normal Attack,0.0,0.0,0.0,0,0,0,0,0,20,0,0,0,0.0,0,20.0,240.0,20.0,0.39,2.7,33.26,399.12,353.65063291139,40577.2,0.13,,0.13,1.56,1,12.0,0.0,1.315,11,70,80,540,1.5,Hit-Scan,,0.0,100.0,Update 10.0,2013-09-13,Primary,Rifle,Primary,27.0,/Lotus/Weapons/Infested/LongGuns/InfestedRifle,Synapse,0.0,inf,0.0,0.0,0.0,0.0
Exergis,Semi-Auto,Normal Attack,20.0,120.0,260.0,0,0,0,0,0,0,0,0,140,0.0,0,540.0,1012.5,1620.0,0.08,1.4,1671.84,1044.9,879.77673830594,80248.32,0.36,,1.08,0.675,3,3.33,0.0,1.1,8,1,15,47,1.6,Projectile,100,0.5,15.4,Update 24.2,2018-12-18,Primary,Shotgun,Primary,0.0,/Lotus/Weapons/Corpus/LongGuns/CrpShapeBlast/CrpShapeBlastShotgun,Exergis,30.0,60.0,0.508,6.5,5.0,8.0
Kuva Sobek,Auto,Normal Attack,57.75,9.625,9.625,0,0,0,0,0,0,0,0,0,0.0,0,77.0,962.5,385.0,0.21,2.3,784.168,1960.42,1552.8079207921,203883.68,0.21,,1.05,2.625,5,2.5,0.0,0.75,15,20,15,240,2.1,Hit-Scan,,0.0,9.1,Update 35.6,2024-05-15,Primary,Shotgun,Primary,300.0,/Lotus/Weapons/Grineer/KuvaLich/LongGuns/Sobek/KuvaSobekWeapon,Sobek,25.0,40.0,0.4805,11.0,6.0,16.0
Vaykor Hek,Semi-Auto,Normal Attack,11.25,48.75,15.0,0,0,0,0,0,0,0,0,0,0.0,0,75.0,1575.0,525.0,0.25,2.0,656.25,1968.75,1067.7966101695,84000.0,0.107,,0.749,2.247,7,3.0,0.0,1.15,12,8,15,120,2.25,Hit-Scan,,0.0,9.1,Update 17.3,2015-09-02,Primary,Shotgun,Primary,300.0,/Lotus/Weapons/Syndicates/SteelMeridian/LongGuns/SMHek,Hek,10.0,25.0,0.7333,11.0,6.0,16.0
Braton,Auto,Normal Attack,7.92,7.92,8.16,0,0,0,0,0,0,0,0,0,0.0,0,24.0,210.0,24.0,0.12,1.6,25.728,225.12,162.0864,15050.88,0.06,,0.06,0.525,1,8.75,0.0,1.35,0,45,80,540,2.0,Hit-Scan,,0.0,28.6,Vanilla,2012-10-25,Primary,Rifle,Primary,300.0,/Lotus/Weapons/Tenno/Rifle/Rifle,Braton,0.0,inf,0.0,3.5,2.0,5.0
Braton,Auto,Incarnon Form,20.0,2.0,28.0,0,0,0,0,0,0,0,0,0,0.0,0,50.0,250.0,50.0,0.3,3.0,80.0,400.0,327.27272727273,46800.0,0.12,,0.12,0.6,1,5.0,0.0,1.35,0,45,80,540,2.0,Hit-Scan,,0.0,200.0,Vanilla,2012-10-25,Primary,Rifle,Primary,300.0,/Lotus/Weapons/Tenno/Rifle/Rifle,Braton,0.0,inf,0.0,0.5,0.3,0.7
Braton,Auto,Incarnon Form AoE,0.0,0.0,0.0,0,0,50,0,0,0,0,0,0,0.0,0,50.0,250.0,50.0,0.3,3.0,80.0,400.0,327.27272727273,46800.0,0.12,,0.12,0.6,1,5.0,0.0,1.35,0,45,80,540,2.0,AoE,,0.0,28.6,Vanilla,2012-10-25,Primary,Rifle,Primary,3.0,/Lotus/Weapons/Tenno/Rifle/Rifle,Braton,0.0,3.0,0.1,,,
Vectis Prime,Semi-Auto,Unzoomed,140.0,157.5,52.5,0,0,0,0,0,0,0,0,0,0.0,0,350.0,934.5,350.0,0.3,2.0,455.0,1214.85,569.08303079986,33670.0,0.3,,1.3,3.471,1,2.67,0.0,0.9,14,2,15,72,0.85,Hit-Scan,,1.0,13.3,Update 16.11,2015-07-07,Primary,Sniper Rifle,Primary,1000.0,/Lotus/Weapons/Tenno/LongGuns/PrimeVectis/PrimeVectisRifle,Vectis,400.0,600.0,0.5,7.5,0.0,15.0
Vectis Prime,Semi-Auto,3.5x Zoom,140.0,157.5,52.5,0,0,0,0,0,0,0,0,0,0.0,0,350.0,934.5,350.0,0.3,2.0,455.0,1214.85,569.08303079986,33670.0,0.3,,1.3,3.471,1,2.67,0.0,0.9,14,2,15,72,0.85,Hit-Scan,,1.0,13.3,Update 16.11,2015-07-07,Primary,Sniper Rifle,Primary,1000.0,/Lotus/Weapons/Tenno/LongGuns/PrimeVectis/PrimeVectisRifle,Vectis,400.0,600.0,0.5,,,
Vectis Prime,Semi-Auto,6x Zoom,140.0,157.5,52.5,0,0,0,0,0,0,0,0,0,0.0,0,350.0,934.5,350.0,0.3,2.0,455.0,1214.85,569.08303079986,33670.0,0.3,,1.3,3.471,1,2.67,0.0,0.9,14,2,15,72,0.85,Hit-Scan,,1.0,13.3,Update 16.11,2015-07-07,Primary,Sniper Rifle,Primary,1000.0,/Lotus/Weapons/Tenno/LongGuns/PrimeVectis/PrimeVectisRifle,Vectis,400.0,600.0,0.5,,,
Braton Prime,Auto,Normal Attack,1.75,12.25,21.0,0,0,0,0,0,0,0,0,0,0.0,0,35.0,335.3,35.0,0.12,2.0,39.2,375.536,294.62430829419,26460.0,0.26,,0.26,2.4908,1,9.58,0.0,1.25,8,75,80,600,2.15,Hit-Scan,,0.0,28.6,Update 9.0,2013-07-13,Primary,Rifle,Primary,300.0,/Lotus/Weapons/Tenno/Rifle/BratonPrime,Braton,0.0,inf,0.0,3.5,2.0,5.0
Braton Prime,Auto,Incarnon Form,28.0,2.8,39.2,0,0,0,0,0,0,0,0,0,0.0,0,70.0,396.9,70.0,0.3,3.0,112.0,635.04,546.25217196828,75600.0,0.3,,0.3,1.701,1,5.67,0.0,1.25,8,75,80,600,2.15,Hit-Scan,,0.0,200.0,Update 9.0,2013-07-13,Primary,Rifle,Primary,300.0,/Lotus/Weapons/Tenno/Rifle/BratonPrime,Braton,0.0,inf,0.0,0.5,0.3,0.7
Braton Prime,Auto,Incarnon Form AoE,0.0,0.0,0.0,0,0,70,0,0,0,0,0,0,0.0,0,70.0,396.9,70.0,0.3,3.0,112.0,635.04,546.25217196828,75600.0,0.3,,0.3,1.701,1,5.67,0.0,1.25,8,75,80,600,2.15,AoE,,0.0,28.6,Update 9.0,2013-07-13,Primary,Rifle,Primary,3.0,/Lotus/Weapons/Tenno/Rifle/BratonPrime,Braton,0.0,3.0,0.1,,,
Kuva Kohm,Auto-Spool,Single Pellet,4.0,4.0,12.0,0,0,0,0,0,0,0,0,0,0.0,0,20.0,16.68,20.0,0.19,2.3,39.904,33.279936,33.016436402301,41699.68,0.9,,0.9,0.7506,1,0.834,0.0,0.9,13,209,40,836,2.0,Hit-Scan,,1.5,8.0,Update 26.0,2019-10-31,Primary,Shotgun,Primary,300.0,/Lotus/Weapons/Grineer/KuvaLich/LongGuns/Kohm/KuvaKohm,Kohm,13.0,26.0,0.9375,12.5,5.0,20.0
Kuva Kohm,Auto-Spool,Fully Spooled,4.0,4.0,12.0,0,0,0,0,0,0,0,0,0,0.0,0,20.0,1000.8,240.0,0.19,2.3,478.848,1996.79616,1720.8054411667,124500.48,0.075,,0.9,3.753,12,4.17,0.0,0.9,13,209,40,836,2.0,Hit-Scan,,1.5,8.0,Update 26.0,2019-10-31,Primary,Shotgun,Primary,300.0,/Lotus/Weapons/Grineer/KuvaLich/LongGuns/Kohm/KuvaKohm,Kohm,13.0,26.0,0.9375,12.5,5.0,20.0
Veldt,Semi-Auto,Normal Attack,23.4,23.4,43.2,0,0,0,0,0,0,0,0,0,0.0,0,90.0,330.3,90.0,0.22,2.2,113.76,417.4992,332.91354965344,65070.72,0.22,,0.22,0.8074,1,3.67,0.0,1.3,8,26,80,546,1.8,Hit-Scan,,0.0,32.0,Update 22.18,2018-04-20,Primary,Rifle,Primary,300.0,/Lotus/Weapons/Tenno/LongGuns/TnRevolverRifle/TnRevolverRifleGun,Veldt,0.0,inf,0.0,3.125,0.25,6.0
Drakgoon,Charge,Uncharged Shot,8.0,8.0,24.0,0,0,0,0,0,0,0,0,0,0.0,0,40.0,1332.0,400.0,0.05,2.0,420.0,1398.6,667.86274643564,53340.0,0.063,,0.63,2.0979,10,3.33,0.0,1.4,5,7,15,120,2.3,Projectile,100,1.5,1.4,Update 11.6,2014-01-08,Primary,Shotgun,Primary,0.0,/Lotus/Weapons/Grineer/LongGuns/GrineerFlakCannon/FlakCannon,Drakgoon,0.0,inf,0.0,70.0,60.0,80.0
Drakgoon,Charge,Charged Shot,7.0,7.0,56.0,0,0,0,0,0,0,0,0,0,0.0,0,70.0,2331.0,700.0,0.075,2.0,752.5,1505.0,908.18965517241,95567.5,0.069,,0.69,0.86217636022514,10,3.33,0.5,1.4,5,7,15,120,2.3,Projectile,160,2.0,1.4,Update 11.6,2014-01-08,Primary,Shotgun,Primary,0.0,/Lotus/Weapons/Grineer/LongGuns/GrineerFlakCannon/FlakCannon,Drakgoon,0.0,inf,0.0,,,
Trumna,Auto,Auto,29.0,0.0,0.0,0,0,53,0,0,0,0,0,0,0.0,0,82.0,382.94,82.0,0.24,2.2,105.616,493.22672,441.66261025297,63369.6,0.3,,0.3,1.401,1,4.67,0.0,0.85,13,200,60,400,5.0,Hit-Scan,,0.0,200.0,Update 29.0,2020-08-25,Primary,Rifle,Primary,300.0,/Lotus/Weapons/Thanotech/ThanoRifle/ThanotechRifle,Trumna,0.0,inf,0.0,0.5,0.3,0.7
Trumna,Auto,Auto,32.0,0.0,0.0,0,0,53,0,0,0,0,0,0,0.0,0,85.0,396.95,85.0,0.24,2.4,113.56,530.3252,474.88265054847,68136.0,0.34,,0.34,1.5878,1,4.67,0.0,0.85,13,200,60,400,5.0,Hit-Scan,,0.0,200.0,Update 29.0,2020-08-25,Primary,Rifle,Primary,300.0,/Lotus/Weapons/Thanotech/ThanoRifle/ThanotechRifle,Trumna,0.0,inf,0.0,0.5,0.3,0.7
Trumna,Auto / Semi,Auto AoE,0.0,0.0,0.0,0,0,50,0,0,0,0,0,0,0.0,0,50.0,233.5,50.0,0.24,2.4,66.8,311.956,279.34273561675,40080.0,0.34,,0.34,1.5878,1,4.67,0.0,0.85,13,200,60,400,5.0,AoE,,0.0,200.0,Update 29.0,2020-08-25,Primary,Rifle,Primary,1.6,/Lotus/Weapons/Thanotech/ThanoRifle/ThanotechRifle,Trumna,0.0,1.6,0.15,,,
Trumna,Semi-Auto,Grenade Impact,100.0,0.0,0.0,0,0,0,0,0,0,0,0,0,0.0,0,100.0,133.0,100.0,0.38,2.4,153.2,203.756,197.19912896201,91920.0,0.5,,0.5,0.665,1,1.33,0.0,0.85,13,200,60,400,5.0,,,0.0,9.1,Update 29.0,2020-08-25,Primary,Rifle,Primary,0.0,/Lotus/Weapons/Thanotech/ThanoRifle/ThanotechRifle,Trumna,0.0,inf,0.0,11.0,6.0,16.0
Trumna,Auto / Semi,Grenade Bounce AoE,0.0,0.0,0.0,0,0,1000,0,0,0,0,0,0,0.0,0,1000.0,1330.0,1000.0,0.38,2.4,1532.0,2037.56,1971.9912896201,919200.0,0.5,,0.5,0.665,1,1.33,0.0,0.85,13,200,60,400,5.0,AoE,,0.0,200.0,Update 29.0,2020-08-25,Primary,Rifle,Primary,6.0,/Lotus/Weapons/Thanotech/ThanoRifle/ThanotechRifle,Trumna,0.0,6.0,0.4,,,
Aeolak,Auto,Normal Attack,15.0,23.0,17.0,0,0,0,0,0,0,0,0,5,0.0,0,60.0,360.0,60.0,0.21,2.3,76.38,458.28,352.52307692308,33607.2,0.33,,0.33,1.98,1,6.0,0.0,1.15,10,40,40,400,2.0,Projectile,100,1.0,100.0,Update 31.5,2022-04-27,Primary,Rifle,Primary,0.0,/Lotus/Weapons/Tenno/LongGuns/TnRifleErsatz/TnRifleErsatzWeapon,Aeolak,0.0,inf,0.0,0.0,0.0,0.0
Aeolak,Auto Charge,Alt-Fire,58.2,9.7,29.1,0,0,0,0,0,0,0,0,0,0.0,0,97.0,145.5,97.0,0.21,2.3,123.481,185.2215,154.35125,5433.164,0.33,,1.33,1.3758620689655,1,1.5,0.3,1.15,10,40,40,400,2.0,Projectile,60,0.0,100.0,Update 31.5,2022-04-27,Primary,Rifle,Primary,0.0,/Lotus/Weapons/Tenno/LongGuns/TnRifleErsatz/TnRifleErsatzWeapon,Aeolak,0.0,inf,0.0,11.5,8.0,15.0
Aeolak,Auto / Charge,Alt-Fire Explosion,0.0,0.0,0.0,0,0,0,0,789,0,0,0,0,0.0,0,789.0,1183.5,789.0,0.21,2.3,1004.397,1506.5955,1401.4841860465,441934.68,0.33,,0.33,0.495,1,1.5,0.0,1.15,10,40,40,400,2.0,AoE,,0.0,100.0,Update 31.5,2022-04-27,Primary,Rifle,Primary,7.0,/Lotus/Weapons/Tenno/LongGuns/TnRifleErsatz/TnRifleErsatzWeapon,Aeolak,0.0,7.0,0.5,,,
Torid,Semi-Auto,Grenade Impact,0.0,0.0,0.0,0,0,0,100,0,0,0,0,0,0.0,0,100.0,150.0,100.0,0.15,2.0,115.0,172.5,114.23841059603,7475.0,0.23,,0.23,0.345,1,1.5,0.0,1.3,4,5,10,60,1.7,Projectile,40,0.0,100.0,Update 8.0,2013-05-23,Primary,Launcher,Primary,0.0,/Lotus/Weapons/ClanTech/Bio/BioWeapon,Torid,0.0,inf,0.0,0.0,0.0,0.0
Torid,Semi-Auto,Poison Cloud,0.0,0.0,0.0,0,0,0,40,0,0,0,0,0,0.0,0,40.0,40.0,40.0,0.15,2.0,46.0,46.0,34.328358208955,2990.0,0.25,,0.25,0.25,1,1.0,0.0,1.3,4,5,10,60,1.7,AoE,,0.0,100.0,Update 8.0,2013-05-23,Primary,Launcher,Primary,3.0,/Lotus/Weapons/ClanTech/Bio/BioWeapon,Torid,0.0,3.0,1.0,,,
Torid,Held,Incarnon Form,0.0,0.0,0.0,0,0,0,51,0,0,0,0,0,0.0,0,51.0,408.0,51.0,0.29,3.1,82.059,656.472,176.47096774194,5333.835,0.39,,0.39,3.12,1,8.0,0.0,1.3,4,5,10,60,1.7,Hit-Scan,,0.0,80.0,Update 8.0,2013-05-23,Primary,Launcher,Primary,37.0,/Lotus/Weapons/ClanTech/Bio/BioWeapon,Torid,0.0,inf,0.0,1.25,1.0,1.5
Tigris,Duplex,Normal Attack,21.0,21.0,168.0,0,0,0,0,0,0,0,0,0,0.0,0,210.0,2100.0,1050.0,0.1,2.0,1155.0,2310.0,825,140910.0,0.168,,0.84,1.68,5,2.0,0.0,1.15,7,2,15,120,1.8,Hit-Scan,,0.0,9.1,Update 11.0,2013-11-20,Primary,Shotgun,Primary,300.0,/Lotus/Weapons/Tenno/LongGuns/DoubleBarrelShotgun/TennoDoubleBarrelShotgun,Tigris,10.0,20.0,0.5238,11.0,6.0,16.0
Artemis Bow Prime,Charge,Base Uncharged Shot,33.6,192.0,14.4,0,0,0,0,0,0,0,0,0,0.0,0,240.0,1866.6666666667,1680.0,0.25,2.0,2100.0,2333.3333333333,0,0.0,0.2,,1.4,1.5555555555556,7,1.0,0.0,0.0,0,1,0,0,0.9,Projectile,100,1.0,100.0,Hotfix 27.0.4,2019-12-17,Primary,Exalted Weapon,Energy,0.0,/Lotus/Powersuits/Ranger/PrimeExaltedBow,,0.0,inf,0.0,6.0,0.0,12.0
Artemis Bow Prime,Charge,Base Charged Shot,33.6,192.0,14.4,0,0,0,0,0,0,0,0,0,0.0,0,240.0,1866.6666666667,1680.0,0.25,2.0,2100.0,2100.0,0,0.0,0.2,,1.4,0.73684210526316,7,1.0,1.0,0.0,0,1,0,0,0.9,Projectile,100,1.0,100.0,Hotfix 27.0.4,2019-12-17,Primary,Exalted Weapon,Energy,0.0,/Lotus/Powersuits/Ranger/PrimeExaltedBow,,0.0,inf,0.0,,,
Artemis Bow Prime,Charge,Concentrated Arrow Shot,33.6,192.0,14.4,0,0,0,0,0,0,0,0,0,0.0,0,240.0,266.66666666667,240.0,0.25,2.0,300.0,333.33333333333,0,0.0,0.2,,1.2,1.3333333333333,1,1.0,0.0,0.0,0,1,0,0,0.9,Projectile,150,0.0,100.0,Hotfix 27.0.4,2019-12-17,Primary,Exalted Weapon,Energy,0.0,/Lotus/Powersuits/Ranger/PrimeExaltedBow,,0.0,inf,0.0,6.0,0.0,12.0
Artemis Bow Prime,Charge,Concentrated Arrow Headshot Explosion,0.0,0.0,0.0,0,0,0,0,500,0,0,0,0,0.0,0,500.0,555.55555555556,500.0,0.75,2.0,875.0,875.0,460.52631578947,875.0,0.0,,0.0,0.0,1,1.0,1.0,0.0,0,1,0,0,0.9,AoE,,0.0,100.0,Hotfix 27.0.4,2019-12-17,Primary,Exalted Weapon,Energy,7.0,/Lotus/Powersuits/Ranger/PrimeExaltedBow,,0.0,7.0,0.0,,,
Daikyu,Charge,Charged Shot,210.0,280.0,210.0,0,0,0,0,0,0,0,0,0,0.0,0,700.0,1166.6666666667,700.0,0.34,2.0,938.0,938.0,586.25,68474.0,0.46,,1.46,0.9125,1,1.0,1.0,1.25,10,1,15,72,0.6,Projectile,140,3.0,16.7,Update 16.5,2015-05-12,Primary,Bow,Primary,0.0,/Lotus/Weapons/Tenno/Bows/AsymetricalBow/AsymetricalBow,Daikyu,0.0,inf,0.0,6.0,0.0,12.0
Ignis Wraith,Held,Normal Attack,0.0,0.0,0.0,0,0,35,0,0,0,0,0,0,0.0,0,35.0,280.0,35.0,0.17,2.5,43.925,351.4,339.84526112186,35140.0,0.29,,0.29,2.32,1,8.0,0.0,0.55,9,200,40,200,1.7,Hit-Scan,,0.0,100.0,Update 19.12,2017-03-02,Primary,Rifle,Primary,27.0,/Lotus/Weapons/ClanTech/Chemical/FlameThrowerWraith,Ignis,0.0,inf,0.0,0.0,0.0,0.0
Kuva Karak,Auto,Normal Attack,7.1,6.2,9.7,0,0,0,0,0,0,0,0,0,0.0,0,23.0,268.41,23.0,0.23,2.1,46.1104,538.108368,419.27877380648,28127.344,0.31,,0.31,3.6177,1,11.67,0.0,1.05,13,70,80,540,1.7,Hit-Scan,,0.2,80.0,Update 26.0,2019-10-31,Primary,Rifle,Primary,300.0,/Lotus/Weapons/Grineer/KuvaLich/LongGuns/Karak/KuvaKarak,Karak,0.0,inf,0.0,1.25,0.5,2.0
Tonkor,Semi-Auto,Grenade Impact,0.0,75.0,0.0,0,0,0,0,0,0,0,0,0,0.0,0,75.0,44.117647058824,75.0,0.25,2.5,103.125,60.661764705882,51.167044920958,3196.875,0.1,,1.1,0.64705882352941,1,3.17,0.0,1.3,5,1,3,30,1.7,Projectile,40,0.0,100.0,Update 16.4,2015-04-23,Primary,Launcher,Primary,0.0,/Lotus/Weapons/Grineer/LongGuns/GrnGrenadeLauncher/GrnGrenadeLauncher,Tonkor,0.0,inf,0.0,0.0,0.0,0.0
Tonkor,Semi-Auto,Grenade Explosion,0.0,0.0,0.0,0,0,0,0,650,0,0,0,0,0.0,0,650.0,382.35294117647,650.0,0.25,2.5,893.75,525.73529411765,443.4477226483,27706.25,0.1,,0.1,0.058823529411765,1,3.17,0.0,1.3,5,1,3,30,1.7,AoE,,0.0,100.0,Update 16.4,2015-04-23,Primary,Launcher,Primary,7.0,/Lotus/Weapons/Grineer/LongGuns/GrnGrenadeLauncher/GrnGrenadeLauncher,Tonkor,0.0,7.0,0.7,,,
Tetra,Auto,Normal Attack,6.4,25.6,0.0,0,0,0,0,0,0,0,0,0,0.0,0,32.0,213.44,32.0,0.04,1.5,32.64,217.7088,178.10919007363,19584.0,0.2,,0.2,1.334,1,6.67,0.0,1.5,3,60,80,540,2.0,Projectile,100,0.0,18.2,Update 11.8,2014-01-22,Primary,Rifle,Primary,0.0,/Lotus/Weapons/Corpus/LongGuns/CorpusUMP/CorpusUMP,Tetra,0.0,inf,0.0,5.5,3.0,8.0
Tenet Glaxion,Held,Normal Attack,0.0,0.0,0.0,34,0,0,0,0,0,0,0,0,0.0,0,34.0,408.0,34.0,0.2,2.2,67.456,809.472,714.24,121420.8,0.4,,0.4,4.8,1,12.0,0.0,0.6,16,90,80,810,2.0,Hit-Scan,,0.0,100.0,Update 35.6,2024-05-15,Primary,Rifle,Primary,30.0,/Lotus/Weapons/Corpus/BoardExec/Primary/CrpBEGlaxion/CrpBEGlaxion,Glaxion,0.0,inf,0.0,0.0,0.0,0.0
Lenz,Charge,Charged Shot,50.0,0.0,0.0,0,0,0,0,0,0,0,0,0,0.0,0,50.0,83.333333333333,50.0,0.5,2.0,75.0,62.5,41.666666666667,525.0,0.05,,1.05,0.58333333333333,1,1.0,1.2,1.05,8,1,1,6,0.6,Projectile,60,0.0,16.7,Update 21.3,2017-08-02,Primary,Bow,Primary,0.0,/Lotus/Weapons/Corpus/Bow/Longbow/CrpBow,Lenz,0.0,inf,0.0,6.0,0.0,12.0
Lenz,Charge,Initial Blast,0.0,0.0,0.0,10,0,0,0,0,0,0,0,0,0.0,0,10.0,16.666666666667,10.0,0.5,2.0,15.0,12.5,8.3333333333333,105.0,0.05,,1.05,0.58333333333333,1,1.0,1.2,1.05,8,1,1,6,0.6,AoE,,0.0,16.7,Update 21.3,2017-08-02,Primary,Bow,Primary,7.2,/Lotus/Weapons/Corpus/Bow/Longbow/CrpBow,Lenz,0.0,7.2,0.7,,,
Lenz,Charge,Bubble Collapse,0.0,0.0,0.0,0,0,0,0,660,0,0,0,0,0.0,0,660.0,1100.0,660.0,0.5,2.0,990.0,825.0,550,6930.0,0.05,,0.05,0.027777777777778,1,1.0,1.2,1.05,8,1,1,6,0.6,AoE,,0.0,16.7,Update 21.3,2017-08-02,Primary,Bow,Primary,7.2,/Lotus/Weapons/Corpus/Bow/Longbow/CrpBow,Lenz,0.0,7.2,0.7,,,
Vulkar Wraith,Semi-Auto,Unzoomed,245.7,27.3,0.0,0,0,0,0,0,0,0,0,0,0.0,0,273.0,546.0,273.0,0.2,2.0,327.6,655.2,374.4,26208.0,0.25,,1.25,2.5,1,2.0,0.0,1.4,7,8,15,72,3.0,Hit-Scan,,1.0,13.3,Hotfix 18.4.1,2016-01-25,Primary,Sniper Rifle,Primary,1000.0,/Lotus/Weapons/Grineer/LongGuns/GrineerSniperRifle/VulkarWraith,Vulkar,400.0,600.0,0.5,7.5,0.0,15.0
Vulkar Wraith,Semi-Auto,2.5x Zoom,245.7,27.3,0.0,0,0,0,0,0,0,0,0,0,0.0,0,273.0,546.0,273.0,0.2,2.0,327.6,655.2,374.4,26208.0,0.25,,1.25,2.5,1,2.0,0.0,1.4,7,8,15,72,3.0,Hit-Scan,,1.0,13.3,Hotfix 18.4.1,2016-01-25,Primary,Sniper Rifle,Primary,1000.0,/Lotus/Weapons/Grineer/LongGuns/GrineerSniperRifle/VulkarWraith,Vulkar,400.0,600.0,0.5,,,
Vulkar Wraith,Semi-Auto,4x Zoom,245.7,27.3,0.0,0,0,0,0,0,0,0,0,0,0.0,0,273.0,546.0,273.0,0.2,2.0,327.6,655.2,374.4,26208.0,0.25,,1.25,2.5,1,2.0,0.0,1.4,7,8,15,72,3.0,Hit-Scan,,1.0,13.3,Hotfix 18.4.1,2016-01-25,Primary,Sniper Rifle,Primary,1000.0,/Lotus/Weapons/Grineer/LongGuns/GrineerSniperRifle/VulkarWraith,Vulkar,400.0,600.0,0.5,,,
Vulkar Wraith,Semi-Auto,8x Zoom,245.7,27.3,0.0,0,0,0,0,0,0,0,0,0,0.0,0,273.0,546.0,273.0,0.2,2.0,327.6,655.2,374.4,26208.0,0.25,,1.25,2.5,1,2.0,0.0,1.4,7,8,15,72,3.0,Hit-Scan,,1.0,13.3,Hotfix 18.4.1,2016-01-25,Primary,Sniper Rifle,Primary,1000.0,/Lotus/Weapons/Grineer/LongGuns/GrineerSniperRifle/VulkarWraith,Vulkar,400.0,600.0,0.5,,,
Telos Boltor,Auto,Normal Attack,3.0,27.0,0.0,0,0,0,0,0,0,0,0,0,0.0,0,30.0,279.9,30.0,0.3,2.4,42.6,397.458,318.27194106342,26838.0,0.16,,0.16,1.4928,1,9.33,0.0,1.2,12,90,80,540,2.4,Projectile,90,0.0,25.0,Update 17.3,2015-09-02,Primary,Rifle,Primary,0.0,/Lotus/Weapons/Syndicates/ArbitersOfHexis/LongGuns/AHBoltor,Boltor,0.0,inf,0.0,4.0,2.0,6.0
Telos Boltor,Auto,Incarnon Form,2.0,6.0,12.0,0,0,0,0,0,0,0,0,0,0.0,0,20.0,619.8,60.0,0.36,3.2,107.52,1110.6816,870.80409784654,67737.6,0.1067,,0.3201,3.306633,3,10.33,0.0,1.2,12,90,80,540,2.4,Projectile,0,0.6,10.0,Update 17.3,2015-09-02,Primary,Rifle,Primary,0.0,/Lotus/Weapons/Syndicates/ArbitersOfHexis/LongGuns/AHBoltor,Boltor,0.0,inf,0.0,10.0,8.0,12.0
Sybaris Prime,Burst,Normal Attack,29.04,29.04,29.92,0,0,0,0,0,0,0,0,0,0.0,0,88.0,293.04,88.0,0.3,2.0,228.8,380.952,706.17283950617,128128.0,0.25,,0.25,0.8325,1,3.33,0.0,1.2,12,20,80,540,2.0,Hit-Scan,,0.0,25.0,Hotfix 20.6.2,2017-05-30,Primary,Rifle,Primary,300.0,/Lotus/Weapons/Tenno/LongGuns/PrimeSybaris/PrimeSybarisRifle,Sybaris,0.0,inf,0.0,4.0,0.0,8.0
Sybaris Prime,Burst,Incarnon Form,36.3,36.3,37.4,0,0,0,0,0,0,0,0,0,0.0,0,110.0,366.3,110.0,0.25,3.0,660.0,549.45,576.92307692308,369600.0,0.3,,1.3,4.329,1,3.33,0.0,1.2,12,20,80,540,2.0,Hit-Scan,,0.0,25.0,Hotfix 20.6.2,2017-05-30,Primary,Rifle,Primary,300.0,/Lotus/Weapons/Tenno/LongGuns/PrimeSybaris/PrimeSybarisRifle,Sybaris,0.0,inf,0.0,4.0,0.0,8.0
Sybaris,Burst,Normal Attack,26.4,26.4,27.2,0,0,0,0,0,0,0,0,0,0.0,0,80.0,266.4,80.0,0.25,2.0,200.0,333.0,332.22591362126,110000.0,0.1,,0.1,0.333,1,3.33,0.0,1.3,5,10,80,540,2.0,Hit-Scan,,0.0,28.6,Update 13.3,2014-05-14,Primary,Rifle,Primary,300.0,/Lotus/Weapons/Tenno/LongGuns/TnoLeverAction/TnoLeverActionRifle,Sybaris,0.0,inf,0.0,3.5,2.0,5.0
Sybaris,Burst,Incarnon Form,29.7,29.7,30.6,0,0,0,0,0,0,0,0,0,0.0,0,90.0,299.7,90.0,0.2,3.0,504.0,415.84158415842,250.49701789264,277200.0,0.2,,1.2,3.996,1,3.33,0.0,1.3,5,10,80,540,2.0,Hit-Scan,,0.0,28.6,Update 13.3,2014-05-14,Primary,Rifle,Primary,300.0,/Lotus/Weapons/Tenno/LongGuns/TnoLeverAction/TnoLeverActionRifle,Sybaris,0.0,inf,0.0,3.5,2.0,5.0
Supra Vandal,Auto-Spool,Fully Spooled,4.0,30.0,6.0,0,0,0,0,0,0,0,0,0,0.0,0,40.0,500.0,40.0,0.16,2.0,46.4,580.0,515.55555555556,88160.0,0.3,,0.3,3.75,1,12.5,0.0,1.0,14,300,80,1600,3.0,Projectile,100,0.0,28.6,Update 20.4,2017-05-04,Primary,Rifle,Primary,0.0,/Lotus/Weapons/Corpus/LongGuns/Machinegun/SupraVandal,Supra,0.0,inf,0.0,3.5,3.0,4.0
Opticor Vandal,Charge,Charged Shot,40.0,280.0,80.0,0,0,0,0,0,0,0,0,0,0.0,0,400.0,800.0,400.0,0.24,2.6,553.6,922.66666666667,714.32258064516,115148.8,0.3,,1.3,1.1818181818182,1,2.0,0.6,1.1,14,8,40,200,1.4,Hit-Scan,,1.0,100.0,Update 24.4,2019-03-08,Primary,Rifle,Primary,300.0,/Lotus/Weapons/Corpus/LongGuns/CrpBFG/Vandal/VandalCrpBFG,Opticor,0.0,inf,0.0,0.0,0.0,0.0
Opticor Vandal,Charge,Charged Shot AoE,0.0,0.0,0.0,0,0,0,0,0,0,0,200,0,0.0,0,200.0,400.0,200.0,0.24,2.6,276.8,553.6,410.07407407407,57574.4,0.3,,0.3,0.6,1,2.0,0.0,1.1,14,8,40,200,1.4,,,0.0,100.0,Update 24.4,2019-03-08,Primary,Rifle,Primary,4.6,/Lotus/Weapons/Corpus/LongGuns/CrpBFG/Vandal/VandalCrpBFG,Opticor,0.0,4.6,0.6,,,
Opticor Vandal,Charge,Quick Shot,20.0,140.0,40.0,0,0,0,0,0,0,0,0,0,0.0,0,200.0,400.0,200.0,0.24,2.6,276.8,553.6,410.07407407407,57574.4,0.3,,0.3,0.6,1,2.0,0.0,1.1,14,8,40,200,1.4,Hit-Scan,,0.0,100.0,Update 24.4,2019-03-08,Primary,Rifle,Primary,300.0,/Lotus/Weapons/Corpus/LongGuns/CrpBFG/Vandal/VandalCrpBFG,Opticor,0.0,inf,0.0,,,
Opticor Vandal,Charge,Quick Shot AoE,0.0,0.0,0.0,0,0,0,0,0,0,0,100,0,0.0,0,100.0,200.0,100.0,0.24,2.6,138.4,276.8,205.03703703704,28787.2,0.3,,0.3,0.6,1,2.0,0.0,1.1,14,8,40,200,1.4,AoE,,0.0,100.0,Update 24.4,2019-03-08,Primary,Rifle,Primary,4.6,/Lotus/Weapons/Corpus/LongGuns/CrpBFG/Vandal/VandalCrpBFG,Opticor,0.0,4.6,0.6,,,
Strun Wraith,Semi-Auto,Normal Attack,26.0,6.0,8.0,0,0,0,0,0,0,0,0,0,0.0,0,40.0,1000.0,400.0,0.18,2.2,486.4,1216.0,540.44444444444,63232.0,0.12,,11.2,28.0,10,2.5,0.0,1.35,10,10,15,120,5.0,Hit-Scan,,0.0,6.7,Hotfix 9.7.2,2013-09-03,Primary,Shotgun,Primary,300.0,/Lotus/Weapons/Tenno/Shotgun/ShotgunVandal,Strun,15.0,30.0,0.5,15.0,10.0,20.0
Strun Wraith,Semi-Auto,Incarnon Form,100.0,0.0,0.0,0,0,0,0,0,0,0,0,0,0.0,0,100.0,200.0,100.0,0.56,3.4,234.4,468.8,234.4,30472.0,0.44,,0.44,0.88,1,2.0,0.0,1.35,10,10,15,120,5.0,Projectile,0,0.0,100.0,Hotfix 9.7.2,2013-09-03,Primary,Shotgun,Primary,0.0,/Lotus/Weapons/Tenno/Shotgun/ShotgunVandal,Strun,0.0,inf,0.0,0.0,0.0,0.0
Strun Wraith,Semi-Auto,Incarnon Form AoE,0.0,40.0,90.0,0,0,0,0,70,0,0,0,0,0.0,0,200.0,400.0,200.0,0.56,3.4,468.8,937.6,468.8,60944.0,0.44,,0.44,0.88,1,2.0,0.0,1.35,10,10,15,120,5.0,AoE,,0.0,6.7,Hotfix 9.7.2,2013-09-03,Primary,Shotgun,Primary,4.0,/Lotus/Weapons/Tenno/Shotgun/ShotgunVandal,Strun,0.0,4.0,0.2,,,
Strun Prime,Semi-Auto,Normal Attack,24.3,8.1,21.6,0,0,0,0,0,0,0,0,0,0.0,0,54.0,2157.84,648.0,0.24,2.2,834.624,2779.29792,1097.7557153014,108501.12,0.0667,,0.8004,2.665332,12,3.33,0.0,1.2,14,10,15,120,4.6,Hit-Scan,,0.8,9.1,Update 30.7,2021-09-08,Primary,Shotgun,Primary,300.0,/Lotus/Weapons/Tenno/LongGuns/PrimeStrun/PrimeStrunWeapon,Strun,26.0,52.0,0.5,11.0,7.0,15.0
Strun Prime,Semi-Auto,Incarnon Form,100.0,0.0,0.0,0,0,0,0,0,0,0,0,0,0.0,0,100.0,250.0,100.0,0.48,3.4,215.2,538.0,250.23255813953,27976.0,0.46,,0.46,1.15,1,2.5,0.0,1.2,14,10,15,120,4.6,Projectile,0,0.0,100.0,Update 30.7,2021-09-08,Primary,Shotgun,Primary,0.0,/Lotus/Weapons/Tenno/LongGuns/PrimeStrun/PrimeStrunWeapon,Strun,0.0,inf,0.0,0.0,0.0,0.0
Strun Prime,Semi-Auto,Incarnon Form AoE,0.0,40.0,100.0,0,0,0,0,60,0,0,0,0,0.0,0,200.0,500.0,200.0,0.48,3.4,430.4,1076.0,500.46511627907,55952.0,0.46,,0.46,1.15,1,2.5,0.0,1.2,14,10,15,120,4.6,AoE,,0.0,9.1,Update 30.7,2021-09-08,Primary,Shotgun,Primary,4.0,/Lotus/Weapons/Tenno/LongGuns/PrimeStrun/PrimeStrunWeapon,Strun,0.0,4.0,0.2,,,
Rauta,Semi-Auto,Normal Attack,26.0,26.0,78.0,0,0,0,0,0,0,0,0,0,0.0,0,130.0,832.0,1040.0,0.06,2.0,1102.4,881.92,711.22580645161,136697.6,0.12,,0.96,0.768,8,0.8,0.0,0.85,8,4,15,120,1.2,Hit-Scan,,0.0,4.0,Update 33.5,2023-06-21,Primary,Shotgun,Primary,300.0,/Lotus/Weapons/Tenno/LongGuns/PaxDuviricusShotgun/PaxDuviricusShotgun,,6.0,16.0,0.8,21.0,12.0,30.0
Lanka,Charge,Partially Charged Shot,0.0,0.0,0.0,0,200,0,0,0,0,0,0,0,0.0,0,200.0,inf,200.0,0.2,2.0,240.0,727.27272727273,452.83018867925,19680.0,0.25,,0.25,0.75757575757576,1,inf,0.33,1.05,10,10,15,72,2.0,Projectile,200,0.0,,Update 8.0,2013-05-23,Primary,Sniper Rifle,Primary,0.0,/Lotus/Weapons/ClanTech/Energy/Railgun,Lanka,400.0,600.0,0.5,0.0,0.0,0.0
Lanka,Charge,Charged Shot,0.0,0.0,0.0,0,525,0,0,0,0,0,0,0,0.0,0,525.0,inf,525.0,0.25,2.0,656.25,656.25,546.875,53812.5,0.25,,0.25,0.25,1,inf,1.0,1.05,10,10,15,72,2.0,Projectile,250,5.0,100.0,Update 8.0,2013-05-23,Primary,Sniper Rifle,Primary,0.0,/Lotus/Weapons/ClanTech/Energy/Railgun,Lanka,0.0,inf,0.0,0.0,0.0,0.0
Strun,Semi-Auto,Normal Attack,13.75,3.75,7.5,0,0,0,0,0,0,0,0,0,0.0,0,25.0,750.0,300.0,0.075,1.5,311.25,778.125,303.65853658537,39217.5,0.05,,0.6,1.5,12,2.5,0.0,1.4,1,6,15,120,3.75,Hit-Scan,,0.0,4.0,Vanilla,2012-10-25,Primary,Shotgun,Primary,300.0,/Lotus/Weapons/Tenno/Shotgun/Shotgun,Strun,12.0,25.0,0.4,25.0,15.0,35.0
Strun,Semi-Auto,Incarnon Form,100.0,0.0,0.0,0,0,0,0,0,0,0,0,0,0.0,0,100.0,200.0,100.0,0.44,2.8,179.2,358.4,159.28888888889,22579.2,0.4,,0.4,0.8,1,2.0,0.0,1.4,1,6,15,120,3.75,Projectile,0,0.0,100.0,Vanilla,2012-10-25,Primary,Shotgun,Primary,0.0,/Lotus/Weapons/Tenno/Shotgun/Shotgun,Strun,0.0,inf,0.0,0.0,0.0,0.0
Strun,Semi-Auto,Incarnon Form AoE,0.0,30.0,80.0,0,0,0,0,60,0,0,0,0,0.0,0,170.0,340.0,170.0,0.44,2.8,304.64,609.28,270.79111111111,38384.64,0.4,,0.4,0.8,1,2.0,0.0,1.4,1,6,15,120,3.75,AoE,,0.0,4.0,Vanilla,2012-10-25,Primary,Shotgun,Primary,4.0,/Lotus/Weapons/Tenno/Shotgun/Shotgun,Strun,0.0,4.0,0.2,,,
Mutalist Cernos,Semi-Auto,Uncharged Shot,184.5,10.25,10.25,0,0,0,0,0,0,0,0,0,0.0,0,205.0,341.66666666667,205.0,0.15,2.0,235.75,392.91666666667,147.34375,17209.75,0.49,,0.49,0.81666666666667,1,1.0,0.0,1.35,7,1,15,72,0.6,Projectile,70,0.0,16.7,Update 18.5,2016-03-04,Primary,Bow,Primary,0.0,/Lotus/Weapons/Infested/Bow/InfCernosBow/InfCernos,Mutalist Cernos,0.0,inf,0.0,6.0,0.0,12.0
Mutalist Cernos,Charge,Charged Shot,369.0,20.5,20.5,0,0,0,0,0,0,0,0,0,0.0,0,410.0,683.33333333333,410.0,0.15,2.0,471.5,785.83333333333,428.63636363636,34419.5,0.49,,0.49,0.44545454545455,1,1.0,0.5,1.35,7,1,15,72,0.6,Projectile,85,1.0,16.7,Update 18.5,2016-03-04,Primary,Bow,Primary,0.0,/Lotus/Weapons/Infested/Bow/InfCernosBow/InfCernos,Mutalist Cernos,0.0,inf,0.0,,,
Mutalist Cernos,Charge,Toxin Cloud,0.0,0.0,0.0,0,0,0,5,0,0,0,0,0,0.0,0,5.0,8.3333333333333,5.0,0.15,2.0,5.75,9.5833333333333,3.59375,419.75,0.49,,1.49,2.4833333333333,1,1.0,0.0,1.35,7,1,15,72,0.6,AoE,,0.0,16.7,Update 18.5,2016-03-04,Primary,Bow,Primary,2.5,/Lotus/Weapons/Infested/Bow/InfCernosBow/InfCernos,Mutalist Cernos,0.0,2.5,0.0,,,
Evensong,Semi-Auto,Quick Shot,0.0,97.5,227.5,0,0,0,0,0,0,0,0,0,0.0,0,325.0,541.66666666667,325.0,0.25,2.2,422.5,704.16666666667,264.0625,30842.5,0.38,,0.38,0.63333333333333,1,1.0,0.0,0.85,10,1,15,72,0.6,Projectile,85,0.0,16.7,Update 36.0,2024-06-18,Primary,Bow,Primary,0.0,/Lotus/Weapons/Tenno/Bows/TnChoirBow/TnChoirBow,Evensong,0.0,inf,0.0,6.0,0.0,12.0
Evensong,Charge,Charged Shot,0.0,150.0,350.0,0,0,0,0,0,0,0,0,0,0.0,0,500.0,833.33333333333,500.0,0.25,2.2,650.0,541.66666666667,361.11111111111,47450.0,0.38,,0.38,0.21111111111111,1,1.0,1.2,0.85,10,1,15,72,0.6,Projectile,100,0.0,16.7,Update 36.0,2024-06-18,Primary,Bow,Primary,0.0,/Lotus/Weapons/Tenno/Bows/TnChoirBow/TnChoirBow,Evensong,0.0,inf,0.0,,,
Evensong,Charge,Charged Radial Attack,0.0,45.0,105.0,0,0,0,0,0,0,0,0,0,0.0,0,150.0,250.0,150.0,0.25,2.2,195.0,162.5,108.33333333333,14235.0,0.38,,0.38,0.21111111111111,1,1.0,1.2,0.85,10,1,15,72,0.6,Projectile,,0.0,16.7,Update 36.0,2024-06-18,Primary,Bow,Primary,4.0,/Lotus/Weapons/Tenno/Bows/TnChoirBow/TnChoirBow,Evensong,0.9,4.0,0.7,,,
Felarx,Auto,Normal Attack,38.0,68.4,83.6,0,0,0,0,0,0,0,0,0,0.0,0,190.0,2280.0,760.0,0.2,2.0,912.0,2736.0,960,60192.0,0.055,,0.22,0.66,4,3.0,0.0,0.6,14,6,15,60,3.7,Projectile,100,0.0,7.7,Update 31.6,2022-06-09,Primary,Shotgun,Primary,300.0,/Lotus/Weapons/Tenno/Zariman/LongGuns/PumpShotgun/ZarimanPumpShotgun,Felarx,14.0,28.0,0.9947,13.0,12.0,14.0
Felarx,Semi-Auto,Incarnon Form,200.0,0.0,0.0,0,0,0,0,0,0,0,0,400,0.0,0,600.0,900.0,600.0,0.2,3.0,840.0,1260.0,654.54545454545,55440.0,0.2,,1.2,1.8,1,1.5,0.0,0.6,14,6,15,60,3.7,Projectile,160,0.0,9.1,Update 31.6,2022-06-09,Primary,Shotgun,Primary,56.0,/Lotus/Weapons/Tenno/Zariman/LongGuns/PumpShotgun/ZarimanPumpShotgun,Felarx,0.0,inf,0.0,11.0,6.0,16.0
Steflos,Semi-Auto,Normal Attack,130.0,0.0,0.0,0,0,190,0,0,0,0,0,0,0.0,0,320.0,960.0,320.0,0.14,2.2,373.76,1121.28,700.8,17940.48,0.22,,0.22,0.66,1,3.0,0.0,1.15,8,12,15,36,2.4,Projectile,20,0.0,100.0,Update 32.3,2023-02-15,Primary,Shotgun,Primary,0.0,/Lotus/Weapons/Tenno/LongGuns/TnoLotusPodShotgun/TnoLotusPodShotgun,Steflos,8.0,16.0,0.96875,0.0,0.0,0.0
Stahlta,Auto,Auto,7.28,16.64,28.08,0,0,0,0,0,0,0,0,0,0.0,0,52.0,312.0,52.0,0.24,1.8,61.984,371.904,307.35867768595,21074.56,0.22,,0.22,1.32,1,6.0,0.0,1.0,10,40,40,300,1.4,Projectile,50,1.2,50.0,Update 28.0,2020-06-11,Primary,Rifle,Primary,0.0,/Lotus/Weapons/Corpus/LongGuns/CrpRubanRifle/CrpRubanRifle,Stahlta,0.0,inf,0.0,2.0,1.0,3.0
Stahlta,Charge,Alt-Fire,120.0,180.0,300.0,0,0,0,0,0,0,0,0,0,0.0,0,600.0,400.2,600.0,0.4,3.0,1080.0,675.0,469.5652173913,18360.0,0.32,,1.32,0.42590944272446,1,0.667,1.6,1.0,10,40,40,300,1.4,Projectile,50,0.0,25.0,Update 28.0,2020-06-11,Primary,Rifle,Primary,0.0,/Lotus/Weapons/Corpus/LongGuns/CrpRubanRifle/CrpRubanRifle,Stahlta,0.0,inf,0.0,4.0,2.0,6.0
Stahlta,Charge,Alt-Fire AoE,0.0,0.0,0.0,0,0,0,0,0,0,0,0,1200,0.0,0,1200.0,800.4,1200.0,0.4,3.0,2160.0,1350.0,1321.1009174312,734400.0,0.32,,0.32,0.10325077399381,1,0.667,1.6,1.0,10,40,40,300,1.4,AoE,,0.0,50.0,Update 28.0,2020-06-11,Primary,Rifle,Primary,7.2,/Lotus/Weapons/Corpus/LongGuns/CrpRubanRifle/CrpRubanRifle,Stahlta,0.0,7.2,0.7,,,
Sporothrix,Semi-Auto,Unzoomed,100.17,115.01,155.82,0,0,0,0,0,0,0,0,0,0.0,0,371.0,678.93,371.0,0.01,3.0,378.42,692.5086,447.06817301485,20434.68,0.53,,0.53,0.9699,1,1.83,0.0,1.3,13,9,15,45,2.7,Projectile,270,0.0,100.0,Update 29.5,2020-11-19,Primary,Sniper Rifle,Primary,0.0,/Lotus/Weapons/Infested/LongGuns/InfSniperRifle/InfSniperRifle,Sporothrix,400.0,600.0,0.5,0.0,0.0,0.0
Sporothrix,Semi-Auto,2.7x Zoom,100.17,115.01,155.82,0,0,0,0,0,0,0,0,0,0.0,0,371.0,678.93,371.0,0.01,3.0,378.42,692.5086,447.06817301485,20434.68,0.53,,0.53,0.9699,1,1.83,0.0,1.3,13,9,15,45,2.7,Projectile,270,0.0,100.0,Update 29.5,2020-11-19,Primary,Sniper Rifle,Primary,0.0,/Lotus/Weapons/Infested/LongGuns/InfSniperRifle/InfSniperRifle,Sporothrix,400.0,600.0,0.5,,,
Sporothrix,Semi-Auto,AoE,0.0,0.0,22.0,0,0,0,0,0,0,0,0,0,19.0,0,41.0,75.03,41.0,0.01,3.0,41.82,76.5306,49.406455777921,2258.28,0.53,,0.53,0.9699,1,1.83,0.0,1.3,13,9,15,45,2.7,AoE,,0.0,100.0,Update 29.5,2020-11-19,Primary,Sniper Rifle,Primary,1.7,/Lotus/Weapons/Infested/LongGuns/InfSniperRifle/InfSniperRifle,Sporothrix,0.0,1.7,0.1,,,
Grakata,Auto,Normal Attack,4.4,3.7,2.9,0,0,0,0,0,0,0,0,0,0.0,0,11.0,220.0,11.0,0.25,2.0,13.75,275.0,152.77777777778,11137.5,0.2,,0.2,4.0,1,20.0,0.0,1.35,5,60,80,750,2.4,Hit-Scan,,0.0,28.6,Update 7.8,2013-04-19,Primary,Rifle,Primary,300.0,/Lotus/Weapons/Grineer/LongGuns/GrineerAssaultRifle/GrnAssaultRifle,Grakata,0.0,inf,0.0,3.5,2.0,5.0
Astilla,Auto,Slug Impact,70.0,0.0,0.0,0,0,0,0,0,0,0,0,0,0.0,0,70.0,303.1,70.0,0.17,1.9,80.71,349.4743,226.74731549067,10330.88,0.33,,1.33,5.7589,1,4.33,0.0,1.25,10,16,40,112,2.0,Projectile,120,0.0,25.0,Update 22.0,2017-10-12,Primary,Shotgun,Primary,0.0,/Lotus/Weapons/Tenno/LongGuns/TnGlassShotgun/TnGlassShotgunGun,Astilla,30.0,60.0,0.5,4.0,2.0,6.0
Astilla,Auto,Glass Explosion,0.0,42.0,78.0,0,0,0,0,0,0,0,0,0,0.0,0,120.0,519.6,120.0,0.17,1.9,138.36,599.0988,388.7096836983,17710.08,0.33,,0.33,1.4289,1,4.33,0.0,1.25,10,16,40,112,2.0,AoE,,0.0,25.0,Update 22.0,2017-10-12,Primary,Shotgun,Primary,2.4,/Lotus/Weapons/Tenno/LongGuns/TnGlassShotgun/TnGlassShotgunGun,Astilla,0.0,2.4,0.3,,,
Kuva Hek,Semi-Auto,Normal Attack,13.05,56.55,17.4,0,0,0,0,0,0,0,0,0,0.0,0,87.0,1321.53,609.0,0.23,2.1,1220.9232,2649.403344,1270.697047482,151394.4768,0.13,,0.91,1.9747,7,2.17,0.0,0.9,15,4,15,120,2.0,Hit-Scan,,0.0,9.09,Update 30.5,2021-07-06,Primary,Shotgun,Primary,300.0,/Lotus/Weapons/Grineer/KuvaLich/LongGuns/Hek/KuvaHekWeapon,Hek,15.0,30.0,0.828,11.0,6.0,16.0
Kuva Hek,Semi-Auto,Alt-Fire,13.05,56.55,17.4,0,0,0,0,0,0,0,0,0,0.0,0,87.0,2850.12,2436.0,0.23,2.1,4883.6928,5713.920576,1710.7546634731,151394.4768,0.0332,,0.9296,1.087632,28,1.17,0.0,0.9,15,4,15,120,2.0,Hit-Scan,,0.3,9.09,Update 30.5,2021-07-06,Primary,Shotgun,Primary,1000.0,/Lotus/Weapons/Grineer/KuvaLich/LongGuns/Hek/KuvaHekWeapon,Hek,15.0,30.0,0.989,21.0,19.0,23.0
Sobek,Auto,Normal Attack,52.5,8.75,8.75,0,0,0,0,0,0,0,0,0,0.0,0,70.0,875.0,350.0,0.11,2.0,388.5,971.25,726.16822429907,101010.0,0.162,,0.81,2.025,5,2.5,0.0,1.33,7,20,15,240,2.7,Hit-Scan,,0.0,9.1,Update 9.0,2013-07-13,Primary,Shotgun,Primary,300.0,/Lotus/Weapons/Tenno/Shotgun/DoubleBarrelShotgun,Sobek,20.0,30.0,0.5,11.0,6.0,16.0
Reconifex,Auto,Normal Attack,16.0,24.0,0.0,0,0,0,0,0,0,0,0,0,0.0,0,40.0,320.0,40.0,0.28,2.8,60.16,481.28,401.06666666667,48128.0,0.16,,0.16,1.28,1,8.0,0.0,0.5,14,200,50,600,5.0,Hit-Scan,,1.0,13.3,Update 38.0,2024-12-13,Primary,Rifle,Primary,1000.0,,Reconifex,0.0,inf,0.0,7.5,0.0,15.0
Snipetron,Semi-Auto,Unzoomed,18.0,144.0,18.0,0,0,0,0,0,0,0,0,0,0.0,0,180.0,360.0,180.0,0.3,1.5,207.0,414.0,150.54545454545,15732.0,0.12,,0.12,0.24,1,2.0,0.0,1.3,0,4,15,72,3.5,Hit-Scan,,2.5,13.3,Vanilla,2012-10-25,Primary,Sniper Rifle,Primary,1000.0,/Lotus/Weapons/Tenno/Rifle/SniperRifle,Snipetron,400.0,600.0,0.5,7.5,0.0,15.0
Snipetron,Semi-Auto,2.5x Zoom,18.0,144.0,18.0,0,0,0,0,0,0,0,0,0,0.0,0,180.0,360.0,180.0,0.3,1.5,207.0,414.0,150.54545454545,15732.0,0.12,,0.12,0.24,1,2.0,0.0,1.3,0,4,15,72,3.5,Hit-Scan,,2.5,13.3,Vanilla,2012-10-25,Primary,Sniper Rifle,Primary,1000.0,/Lotus/Weapons/Tenno/Rifle/SniperRifle,Snipetron,400.0,600.0,0.5,,,
Snipetron,Semi-Auto,6x Zoom,18.0,144.0,18.0,0,0,0,0,0,0,0,0,0,0.0,0,180.0,360.0,180.0,0.3,1.5,207.0,414.0,150.54545454545,15732.0,0.12,,0.12,0.24,1,2.0,0.0,1.3,0,4,15,72,3.5,Hit-Scan,,2.5,13.3,Vanilla,2012-10-25,Primary,Sniper Rifle,Primary,1000.0,/Lotus/Weapons/Tenno/Rifle/SniperRifle,Snipetron,400.0,600.0,0.5,,,
Secura Penta,Active,Grenade Impact,75.0,0.0,0.0,0,0,0,0,0,0,0,0,0,0.0,0,75.0,150.0,75.0,0.26,2.0,94.5,189.0,110.25,3307.5,0.26,,0.26,0.52,1,2.0,0.0,1.3,12,7,5,28,2.5,Projectile,25,0.0,100.0,Update 17.3,2015-09-02,Primary,Launcher,Primary,0.0,/Lotus/Weapons/Syndicates/PerrinSequence/LongGuns/PSPenta,Penta,0.0,inf,0.0,0.0,0.0,0.0
Secura Penta,Active,Grenade Detonation,0.0,0.0,0.0,0,0,0,0,300,0,0,0,0,0.0,0,300.0,600.0,300.0,0.26,2.0,378.0,756.0,441,13230.0,0.26,,0.26,0.52,1,2.0,0.0,1.3,12,7,5,28,2.5,AoE,,0.0,100.0,Update 17.3,2015-09-02,Primary,Launcher,Primary,6.0,/Lotus/Weapons/Syndicates/PerrinSequence/LongGuns/PSPenta,Penta,0.0,6.0,0.6,,,
Scourge Prime,Auto,Projectile Impact,0.0,0.0,0.0,0,0,0,0,0,80,0,0,0,0.0,0,80.0,213.6,80.0,0.1,2.0,88.0,234.96,204.87422069146,35200.0,0.3,,0.3,0.801,1,2.67,0.0,1.1,14,40,60,360,2.2,Projectile,40,0.0,100.0,Update 31.0,2021-12-15,Primary,Speargun,Primary,0.0,/Lotus/Weapons/Tenno/LongGuns/PrimeScourge/PrimeScourgeWeapon,Scourge,0.0,inf,0.0,0.0,0.0,0.0
Scourge Prime,Auto,Explosion,0.0,0.0,0.0,0,0,0,0,0,60,0,0,0,0.0,0,60.0,160.2,60.0,0.1,2.0,66.0,176.22,153.65566551859,26400.0,0.3,,0.3,0.801,1,2.67,0.0,1.1,14,40,60,360,2.2,AoE,,0.0,,Update 31.0,2021-12-15,Primary,Speargun,Primary,1.7,/Lotus/Weapons/Tenno/LongGuns/PrimeScourge/PrimeScourgeWeapon,Scourge,0.0,1.7,0.3,,,
Scourge Prime,Semi,Spear Throw,140.0,30.0,30.0,0,0,0,0,0,0,0,0,0,0.0,0,200.0,200.0,200.0,0.1,2.0,220.0,220.0,216.74876847291,88000.0,0.3,,0.3,0.3,1,1.0,0.0,1.1,14,40,60,360,0.6,Projectile,150,0.0,16.7,Update 31.0,2021-12-15,Primary,Speargun,Primary,0.0,/Lotus/Weapons/Tenno/LongGuns/PrimeScourge/PrimeScourgeWeapon,Scourge,0.0,inf,0.0,6.0,0.0,12.0
Scourge Prime,Auto,Spear Explosion,0.0,0.0,0.0,0,0,0,0,0,55,0,0,0,0.0,0,55.0,55.0,55.0,0.1,2.0,60.5,60.5,57.345971563981,24200.0,0.3,,1.3,1.3,1,1.0,0.0,1.1,14,40,60,360,2.2,AoE,,0.0,,Update 31.0,2021-12-15,Primary,Speargun,Primary,7.0,/Lotus/Weapons/Tenno/LongGuns/PrimeScourge/PrimeScourgeWeapon,Scourge,0.0,7.0,0.6,,,
Scourge,Auto,Projectile Impact,0.0,0.0,0.0,0,0,0,0,0,70,0,0,0,0.0,0,70.0,186.9,70.0,0.02,1.5,70.7,188.769,161.7731119443,16968.0,0.3,,0.3,0.801,1,2.67,0.0,1.2,6,40,60,200,2.5,Projectile,40,0.0,100.0,Update 21.0,2017-06-29,Primary,Speargun,Primary,0.0,/Lotus/Weapons/Tenno/LongGuns/TnPriestSpear/TnPriestSpearGun,Scourge,0.0,inf,0.0,0.0,0.0,0.0
Scourge,Auto,Explosion,0.0,0.0,0.0,0,0,0,0,0,55,0,0,0,0.0,0,55.0,146.85,55.0,0.02,1.5,55.55,148.3185,127.10744509909,13332.0,0.3,,0.3,0.801,1,2.67,0.0,1.2,6,40,60,200,2.5,AoE,,0.0,,Update 21.0,2017-06-29,Primary,Speargun,Primary,1.7,/Lotus/Weapons/Tenno/LongGuns/TnPriestSpear/TnPriestSpearGun,Scourge,0.0,1.7,0.3,,,
Scourge,Semi,Spear Throw Impact,105.0,22.5,22.5,0,0,0,0,0,0,0,0,0,0.0,0,150.0,150.0,150.0,0.04,2.0,156.0,156.0,153.69458128079,37440.0,0.3,,0.3,0.3,1,1.0,0.0,1.2,6,40,60,200,0.6,Projectile,150,0.0,16.7,Update 21.0,2017-06-29,Primary,Speargun,Primary,0.0,/Lotus/Weapons/Tenno/LongGuns/TnPriestSpear/TnPriestSpearGun,Scourge,0.0,inf,0.0,6.0,0.0,12.0
Scourge,Auto,Spear Throw Explosion,0.0,0.0,0.0,0,0,0,0,0,55,0,0,0,0.0,0,55.0,55.0,55.0,0.04,2.0,57.2,57.2,53.835294117647,13728.0,0.3,,1.3,1.3,1,1.0,0.0,1.2,6,40,60,200,2.5,AoE,,0.0,,Update 21.0,2017-06-29,Primary,Speargun,Primary,7.0,/Lotus/Weapons/Tenno/LongGuns/TnPriestSpear/TnPriestSpearGun,Scourge,0.0,7.0,0.6,,,
Sancti Tigris,Duplex,Normal Attack,21.0,21.0,168.0,0,0,0,0,0,0,0,0,0,0.0,0,210.0,2520.0,1260.0,0.15,1.5,1354.5,2709.0,1083.6,165249.0,0.14,,0.84,1.68,6,2.0,0.0,1.0,12,2,15,120,1.5,Hit-Scan,,0.0,6.5,Update 17.3,2015-09-02,Primary,Shotgun,Primary,300.0,/Lotus/Weapons/Syndicates/NewLoka/LongGuns/NLTigris,Tigris,8.0,20.0,0.5714,15.5,9.0,22.0
Prisma Gorgon,Auto-Spool,Fully Spooled,17.25,3.45,2.3,0,0,0,0,0,0,0,0,0,0.0,0,23.0,325.91,23.0,0.3,2.3,31.97,453.0149,334.51349455418,30691.2,0.15,,0.15,2.1255,1,14.17,0.0,1.3,11,120,80,840,3.0,Hit-Scan,,0.0,20.0,Hotfix 15.11.1,2015-01-22,Primary,Rifle,Primary,300.0,/Lotus/Weapons/Grineer/LongGuns/VoidTraderGorgon/VTGorgon,Gorgon,0.0,inf,0.0,5.0,4.0,6.0
Prisma Gorgon,Auto Charge,Incarnon Form,15.0,45.0,15.0,0,0,0,0,0,0,0,0,0,0.0,0,75.0,87.525,75.0,0.27,2.3,101.325,118.246275,114.89423567421,97272.0,0.21,,0.21,0.24507,1,1.167,0.0,1.3,11,120,80,840,3.0,Projectile,,0.0,25.0,Hotfix 15.11.1,2015-01-22,Primary,Rifle,Primary,0.0,/Lotus/Weapons/Grineer/LongGuns/VoidTraderGorgon/VTGorgon,Gorgon,0.0,inf,0.0,4.0,2.0,6.0
Prisma Gorgon,Auto-Spool,Incarnon Form AoE,0.0,0.0,0.0,0,0,700,0,0,0,0,0,0,0.0,0,700.0,816.9,700.0,0.27,2.3,945.7,1103.6319,1072.3461996259,907872.0,0.21,,1.21,1.41207,1,1.167,0.0,1.3,11,120,80,840,3.0,AoE,,0.0,20.0,Hotfix 15.11.1,2015-01-22,Primary,Rifle,Primary,5.0,/Lotus/Weapons/Grineer/LongGuns/VoidTraderGorgon/VTGorgon,Gorgon,0.0,5.0,0.1,,,
Rubico,Semi-Auto,Unzoomed,144.0,27.0,9.0,0,0,0,0,0,0,0,0,0,0.0,0,180.0,480.6,180.0,0.3,3.0,288.0,768.96,337.02664796634,22176.0,0.12,,0.12,0.3204,1,2.67,0.0,0.9,6,5,15,72,2.4,Hit-Scan,,1.0,13.3,Update 18.0,2015-12-03,Primary,Sniper Rifle,Primary,1000.0,/Lotus/Weapons/Tenno/LongGuns/FiveShotSniper/FiveShotSniper,Rubico,400.0,600.0,0.5,7.5,0.0,15.0
Snipetron Vandal,Semi-Auto,Unzoomed,10.0,180.0,10.0,0,0,0,0,0,0,0,0,0,0.0,0,200.0,400.0,200.0,0.28,2.0,256.0,512.0,307.2,19968.0,0.16,,0.16,0.32,1,2.0,0.0,1.25,5,6,15,72,2.0,Hit-Scan,,3.0,13.3,Hotfix 8.3.2,2013-07-08,Primary,Sniper Rifle,Primary,1000.0,/Lotus/Weapons/Tenno/Rifle/VandalSniperRifle,Snipetron,400.0,600.0,0.5,7.5,0.0,15.0
Snipetron Vandal,Semi-Auto,2.5x Zoom,10.0,180.0,10.0,0,0,0,0,0,0,0,0,0,0.0,0,200.0,400.0,200.0,0.28,2.0,256.0,512.0,307.2,19968.0,0.16,,0.16,0.32,1,2.0,0.0,1.25,5,6,15,72,2.0,Hit-Scan,,3.0,13.3,Hotfix 8.3.2,2013-07-08,Primary,Sniper Rifle,Primary,1000.0,/Lotus/Weapons/Tenno/Rifle/VandalSniperRifle,Snipetron,400.0,600.0,0.5,,,
Snipetron Vandal,Semi-Auto,6x Zoom,10.0,180.0,10.0,0,0,0,0,0,0,0,0,0,0.0,0,200.0,400.0,200.0,0.28,2.0,256.0,512.0,307.2,19968.0,0.16,,0.16,0.32,1,2.0,0.0,1.25,5,6,15,72,2.0,Hit-Scan,,3.0,13.3,Hotfix 8.3.2,2013-07-08,Primary,Sniper Rifle,Primary,1000.0,/Lotus/Weapons/Tenno/Rifle/VandalSniperRifle,Snipetron,400.0,600.0,0.5,,,
Quanta Vandal,Held,Beam,0.0,0.0,0.0,0,13,0,0,0,0,0,0,0,0.0,0,13.0,312.0,26.0,0.22,2.4,34.008,408.096,359.55594713656,43530.24,0.45,,0.9,10.8,2,12.0,0.0,1.4,10,80,80,560,1.8,Hit-Scan,,0.0,100.0,Update 16.4,2015-04-23,Primary,Rifle,Primary,50.0,/Lotus/Weapons/Corpus/LongGuns/CrpShockRifle/QuantaVandal,Quanta,0.0,inf,0.0,0.0,0.0,0.0
Quanta Vandal,Held,Cube (direct hit),0.0,0.0,0.0,0,100,0,0,0,0,0,0,0,0.0,0,100.0,400.0,100.0,0.05,1.5,102.5,410.0,215.78947368421,6560.0,0.26,,0.26,1.04,1,4.0,0.0,1.4,10,80,80,560,1.8,Projectile,25,0.0,25.0,Update 16.4,2015-04-23,Primary,Rifle,Primary,15.0,/Lotus/Weapons/Corpus/LongGuns/CrpShockRifle/QuantaVandal,Quanta,0.0,inf,0.0,4.0,2.0,6.0
Quanta Vandal,Held,Cube Explosion,0.0,0.0,0.0,0,0,0,0,150,0,0,0,0,0.0,0,150.0,600.0,150.0,0.05,1.5,153.75,615.0,564.22018348624,98400.0,0.26,,0.26,1.04,1,4.0,0.0,1.4,10,80,80,560,1.8,AoE,,0.0,100.0,Update 16.4,2015-04-23,Primary,Rifle,Primary,0.5,/Lotus/Weapons/Corpus/LongGuns/CrpShockRifle/QuantaVandal,Quanta,0.0,inf,0.0,,,
Quanta Vandal,Held,Cube (shot by player),0.0,0.0,0.0,0,0,0,0,600,0,0,0,0,0.0,0,600.0,2400.0,600.0,0.05,1.5,615.0,2460.0,2256.880733945,393600.0,0.26,,0.26,1.04,1,4.0,0.0,1.4,10,80,80,560,1.8,,,0.0,100.0,Update 16.4,2015-04-23,Primary,Rifle,Primary,6.0,/Lotus/Weapons/Corpus/LongGuns/CrpShockRifle/QuantaVandal,Quanta,0.0,inf,0.0,,,
Fulmin,Auto,Full Auto Mode,0.0,8.0,0.0,0,25,0,0,0,0,0,0,0,0.0,0,33.0,307.89,33.0,0.28,2.4,45.936,428.58288,264.23112207152,2756.16,0.1,,0.1,0.933,1,9.33,0.0,0.9,8,60,0,0,3.0,Hit-Scan,,0.0,111.1,Update 25.0,2019-05-22,Primary,Rifle,None,300.0,/Lotus/Weapons/Tenno/LongGuns/TnWispRifle/TnWispRifle,Fulmin,0.0,inf,0.0,0.9,0.8,1.0
Fulmin,Auto / Semi,Semi-Auto Mode,100.0,0.0,0.0,0,400,0,0,0,0,0,0,0,0.0,0,500.0,1085.0,500.0,0.3,2.2,680.0,1475.6,603.10626702997,4080.0,0.16,,1.16,2.5172,1,2.17,0.0,0.9,8,60,0,0,3.0,Projectile,100,0.0,9.1,Update 25.0,2019-05-22,Primary,Rifle,None,0.0,/Lotus/Weapons/Tenno/LongGuns/TnWispRifle/TnWispRifle,Fulmin,10.0,20.0,0.6666,11.0,6.0,16.0
MK1-Strun,Semi-Auto,Normal Attack,9.9,2.7,5.4,0,0,0,0,0,0,0,0,0,0.0,0,18.0,374.4,180.0,0.075,2.0,193.5,402.48,174.99130434783,24381.0,0.06,,0.6,1.248,10,2.08,0.0,1.45,0,6,15,120,3.75,Hit-Scan,,0.0,4.0,Update 14.0,2014-07-18,Primary,Shotgun,Primary,300.0,/Lotus/Weapons/MK1Series/MK1Strun,Strun,15.0,25.0,0.5,25.0,15.0,35.0
MK1-Strun,Semi-Auto,Incarnon Form,100.0,0.0,0.0,0,0,0,0,0,0,0,0,0,0.0,0,100.0,150.0,100.0,0.44,3.0,188.0,282.0,145.54838709677,23688.0,0.4,,0.4,0.6,1,1.5,0.0,1.45,0,6,15,120,3.75,Projectile,0,0.0,100.0,Update 14.0,2014-07-18,Primary,Shotgun,Primary,0.0,/Lotus/Weapons/MK1Series/MK1Strun,Strun,0.0,inf,0.0,0.0,0.0,0.0
MK1-Strun,Semi-Auto,Incarnon Form AoE,0.0,25.0,60.0,0,0,0,0,45,0,0,0,0,0.0,0,130.0,195.0,130.0,0.44,3.0,244.4,366.6,189.21290322581,30794.4,0.4,,0.4,0.6,1,1.5,0.0,1.45,0,6,15,120,3.75,AoE,,0.0,4.0,Update 14.0,2014-07-18,Primary,Shotgun,Primary,4.0,/Lotus/Weapons/MK1Series/MK1Strun,Strun,0.0,4.0,0.2,,,
Proboscis Cernos,Charge,Charged Shot,103.2,30.7,145.1,0,0,0,0,0,0,0,0,0,0.0,0,279.0,465.0,279.0,0.07,1.9,296.577,423.68142857143,228.13615384615,2372.616,0.43,,0.43,0.33076923076923,1,1.0,0.7,0.8,15,1,1,7,0.6,Projectile,45,0.0,16.7,Update 29.5,2020-11-19,Primary,Bow,Primary,0.0,/Lotus/Weapons/Tenno/Bows/PrimeDerelictCernos/DerelictCernos,Proboscis Cernos,0.0,inf,0.0,6.0,0.0,12.0
Proboscis Cernos,Charge,Appendages,0.0,0.0,50.625,0,0,0,0,0,0,0,0,0,39.375,0,90.0,150.0,90.0,0.07,1.9,95.67,136.67142857143,73.592307692308,765.36,0.43,,0.43,0.33076923076923,1,1.0,0.7,0.8,15,1,1,7,0.6,AoE,,0.0,16.7,Update 29.5,2020-11-19,Primary,Bow,Primary,9.0,/Lotus/Weapons/Tenno/Bows/PrimeDerelictCernos/DerelictCernos,Proboscis Cernos,0.0,9.0,0.0,,,
Proboscis Cernos,Charge,Charged Shot Explosion,0.0,0.0,0.0,0,0,0,0,0,0,0,0,0,1003.0,0,1003.0,1671.6666666667,1003.0,0.07,1.9,1066.189,1523.1271428571,820.14538461538,8529.512,0.43,,0.43,0.33076923076923,1,1.0,0.7,0.8,15,1,1,7,0.6,AoE,,0.0,16.7,Update 29.5,2020-11-19,Primary,Bow,Primary,7.0,/Lotus/Weapons/Tenno/Bows/PrimeDerelictCernos/DerelictCernos,Proboscis Cernos,0.0,7.0,0.5,,,
Kuva Hind,Burst,Burst,7.5,7.5,15.0,0,0,0,0,0,0,0,0,0,0.0,0,30.0,150.0,30.0,0.25,2.1,306.0,218.57142857143,200.29090909091,192780.0,0.33,,0.33,1.65,1,5.0,0.0,1.1,15,90,80,540,2.3,Hit-Scan,,0.0,33.33,Update 27.1,2020-02-04,Primary,Rifle,Primary,300.0,/Lotus/Weapons/Grineer/KuvaLich/LongGuns/Hind/KuvaHind,Hind,0.0,inf,0.0,3.0,0.0,6.0
Kuva Hind,Semi-Auto,Semi-Auto,18.0,18.0,54.0,0,0,0,0,0,0,0,0,0,0.0,0,90.0,225.0,90.0,0.37,2.9,245.232,613.08,514.47272727273,51498.72,0.21,,0.21,0.525,1,2.5,0.0,1.1,15,90,80,540,2.3,Hit-Scan,,0.0,28.6,Update 27.1,2020-02-04,Primary,Rifle,Primary,300.0,/Lotus/Weapons/Grineer/KuvaLich/LongGuns/Hind/KuvaHind,Hind,0.0,inf,0.0,3.5,0.0,7.0
Kuva Hind,Auto,Auto,6.0,6.0,18.0,0,0,0,0,0,0,0,0,0,0.0,0,30.0,300.0,30.0,0.21,1.9,57.072,570.72,454.55575221239,35955.36,0.33,,0.33,3.3,1,10.0,0.0,1.1,15,90,80,540,2.3,Hit-Scan,,0.0,33.33,Update 27.1,2020-02-04,Primary,Rifle,Primary,300.0,/Lotus/Weapons/Grineer/KuvaLich/LongGuns/Hind/KuvaHind,Hind,0.0,inf,0.0,3.0,0.0,6.0
Javlok,Auto Charge,Projectile Impact,0.0,0.0,0.0,0,0,160,0,0,0,0,0,0,0.0,0,160.0,532.8,160.0,0.2,2.0,192.0,639.36,311.35135135135,29952.0,0.25,,0.25,0.41645822911456,1,3.33,0.3,1.3,7,6,60,150,1.9,Projectile,150,0.0,100.0,Update 19.4,2016-12-16,Primary,Speargun,Primary,0.0,/Lotus/Weapons/Grineer/LongGuns/GrnFlameSpear/GrnFlameSpear,Javlok,0.0,inf,0.0,0.0,0.0,0.0
Javlok,Auto Charge,Projectile Explosion,0.0,0.0,0.0,0,0,120,0,0,0,0,0,0,0.0,0,120.0,399.6,120.0,0.2,2.0,144.0,479.52,233.39985397907,22464.0,0.25,,0.25,0.8325,1,3.33,0.0,1.3,7,6,60,150,1.9,AoE,,0.0,,Update 19.4,2016-12-16,Primary,Speargun,Primary,2.4,/Lotus/Weapons/Grineer/LongGuns/GrnFlameSpear/GrnFlameSpear,Javlok,0.0,2.4,0.3,,,
Javlok,Semi,Spear Throw Impact,45.0,75.0,30.0,0,0,0,0,0,0,0,0,0,0.0,0,150.0,150.0,150.0,0.2,2.0,180.0,180.0,163.63636363636,28080.0,0.25,,2.25,2.25,1,1.0,0.0,1.3,7,6,60,150,0.6,Projectile,90,0.0,16.7,Update 19.4,2016-12-16,Primary,Speargun,Primary,0.0,/Lotus/Weapons/Grineer/LongGuns/GrnFlameSpear/GrnFlameSpear,Javlok,0.0,inf,0.0,6.0,0.0,12.0
Javlok,Auto Charge,Spear Throw Explosion,0.0,0.0,0.0,0,0,300,0,0,0,0,0,0,0.0,0,300.0,300.0,300.0,0.2,2.0,360.0,360.0,273.41772151899,56160.0,0.25,,2.25,2.25,1,1.0,0.0,1.3,7,6,60,150,1.9,AoE,,0.0,,Update 19.4,2016-12-16,Primary,Speargun,Primary,6.0,/Lotus/Weapons/Grineer/LongGuns/GrnFlameSpear/GrnFlameSpear,Javlok,0.0,6.0,0.6,,,
Baza Prime,Auto,Normal Attack,5.76,6.72,3.52,0,0,0,0,0,0,0,0,0,0.0,0,16.0,266.72,16.0,0.28,3.0,24.96,416.0832,318.68710826302,22464.0,0.14,,0.14,2.3338,1,16.67,0.0,1.0,10,60,80,840,1.1,Hit-Scan,,0.0,80.0,Hotfix 27.0.4,2019-12-17,Primary,Rifle,Primary,300.0,/Lotus/Weapons/Tenno/LongGuns/PrimeBaza/PrimeBazaGun,Baza,30.0,60.0,0.5,1.25,1.0,1.5
Kuva Quartakk,Auto,Full-Auto,20.0,15.65,18.35,0,0,0,0,0,0,0,0,0,0.0,0,54.0,260.82,54.0,0.21,1.9,102.7296,496.183968,453.83780632152,99442.2528,0.33,,0.33,1.5939,1,4.83,0.0,1.1,13,88,80,880,1.7,Hit-Scan,,0.0,40.0,Update 26.0,2019-10-31,Primary,Rifle,Primary,300.0,/Lotus/Weapons/Grineer/KuvaLich/LongGuns/Quartakk/KuvaQuartakk,Quartakk,0.0,inf,0.0,2.5,2.0,3.0
Kuva Quartakk,Burst,Burst-Fire While Aiming,20.0,15.65,18.35,0,0,0,0,0,0,0,0,0,0.0,0,54.0,85.32,54.0,0.31,2.3,484.8768,191.526336,185.85357792824,469360.7424,0.27,,0.27,0.4266,1,1.58,0.0,1.1,13,88,80,880,1.7,Hit-Scan,,0.5,90.9,Update 26.0,2019-10-31,Primary,Rifle,Primary,300.0,/Lotus/Weapons/Grineer/KuvaLich/LongGuns/Quartakk/KuvaQuartakk,Quartakk,0.0,inf,0.0,1.1,1.0,1.2
Opticor,Charge,Charged Shot,100.0,850.0,50.0,0,0,0,0,0,0,0,0,0,0.0,0,1000.0,1000.0,1000.0,0.2,2.5,1300.0,650.0,541.66666666667,266500.0,0.2,,1.2,0.4,1,1.0,2.0,1.15,14,5,40,200,2.0,Hit-Scan,,1.0,100.0,Update 15.0,2014-10-24,Primary,Rifle,Primary,300.0,/Lotus/Weapons/Corpus/LongGuns/CrpBFG/CrpBFG,Opticor,0.0,inf,0.0,0.0,0.0,0.0
Opticor,Charge,Charged Shot AoE,0.0,0.0,0.0,0,0,0,0,0,0,0,400,0,0.0,0,400.0,400.0,400.0,0.2,2.5,520.0,520.0,371.42857142857,106600.0,0.2,,0.2,0.2,1,1.0,0.0,1.15,14,5,40,200,2.0,AoE,,0.0,100.0,Update 15.0,2014-10-24,Primary,Rifle,Primary,6.0,/Lotus/Weapons/Corpus/LongGuns/CrpBFG/CrpBFG,Opticor,0.0,6.0,0.6,,,
Opticor,Charge,Quick Shot,50.0,425.0,25.0,0,0,0,0,0,0,0,0,0,0.0,0,500.0,500.0,500.0,0.2,2.5,650.0,650.0,464.28571428571,133250.0,0.2,,0.2,0.2,1,1.0,0.0,1.15,14,5,40,200,2.0,Hit-Scan,,0.0,100.0,Update 15.0,2014-10-24,Primary,Rifle,Primary,300.0,/Lotus/Weapons/Corpus/LongGuns/CrpBFG/CrpBFG,Opticor,0.0,inf,0.0,,,
Opticor,Charge,Quick Shot AoE,0.0,0.0,0.0,0,0,0,0,0,0,0,200,0,0.0,0,200.0,200.0,200.0,0.2,2.5,260.0,260.0,185.71428571429,53300.0,0.2,,0.2,0.2,1,1.0,0.0,1.15,14,5,40,200,2.0,AoE,,0.0,100.0,Update 15.0,2014-10-24,Primary,Rifle,Primary,6.0,/Lotus/Weapons/Corpus/LongGuns/CrpBFG/CrpBFG,Opticor,0.0,6.0,0.6,,,
Glaxion,Held,Normal Attack,0.0,0.0,0.0,26,0,0,0,0,0,0,0,0,0.0,0,26.0,312.0,26.0,0.08,2.0,28.08,336.96,289.23605150215,44928.0,0.34,,0.34,4.08,1,12.0,0.0,1.3,8,80,80,720,2.2,Hit-Scan,,0.0,100.0,Update 14.5,2014-08-28,Primary,Rifle,Primary,24.0,/Lotus/Weapons/Corpus/LongGuns/CrpFreezeRay/CrpFreezeRayRifle,Glaxion,0.0,inf,0.0,0.0,0.0,0.0
Phantasma Prime,Held,Beam,5.0,0.0,0.0,0,0,0,0,0,0,0,0,10,0.0,0,15.0,1080.0,90.0,0.11,1.9,98.91,1186.92,932.58,67456.62,0.222,,1.332,15.984,6,12.0,0.0,0.75,14,11,15,330,0.5,Hit-Scan,,0.0,100.0,Hotfix 32.0.9,2022-10-05,Primary,Shotgun,Primary,25.0,/Lotus/Weapons/Tenno/LongGuns/PrimePhantasma/PhantasmaPrimeShotgun,Phantasma,0.0,inf,0.0,0.0,0.0,0.0
Phantasma Prime,Held,Plasma Bomb Impact,15.0,0.0,0.0,0,0,0,0,0,0,0,0,0,0.0,0,15.0,30.0,15.0,0.03,1.5,15.225,15.225,13.840909090909,2359.875,0.37,,1.37,0.91333333333333,1,2.0,1.0,0.75,14,11,15,330,0.5,Projectile,25,0.0,100.0,Hotfix 32.0.9,2022-10-05,Primary,Shotgun,Primary,0.0,/Lotus/Weapons/Tenno/LongGuns/PrimePhantasma/PhantasmaPrimeShotgun,Phantasma,0.0,inf,0.0,0.0,0.0,0.0
Phantasma Prime,Held,Plasma Bomb Explosion,0.0,0.0,0.0,0,0,0,0,0,0,0,0,73,0.0,0,73.0,146.0,73.0,0.03,1.5,74.095,148.19,135.84083333333,25266.395,0.37,,1.37,2.74,1,2.0,0.0,0.75,14,11,15,330,0.5,AoE,,0.0,100.0,Hotfix 32.0.9,2022-10-05,Primary,Shotgun,Primary,4.8,/Lotus/Weapons/Tenno/LongGuns/PrimePhantasma/PhantasmaPrimeShotgun,Phantasma,0.0,4.8,0.5,,,
Phantasma Prime,Held,Cluster Bombs Impact,3.0,0.0,0.0,0,0,0,0,0,0,0,0,0,0.0,0,3.0,30.0,15.0,0.03,1.5,15.225,30.45,27.9125,5191.725,0.37,,6.85,13.7,5,2.0,0.0,0.75,14,11,15,330,0.5,Projectile,6,0.0,100.0,Hotfix 32.0.9,2022-10-05,Primary,Shotgun,Primary,0.0,/Lotus/Weapons/Tenno/LongGuns/PrimePhantasma/PhantasmaPrimeShotgun,Phantasma,0.0,inf,0.0,,,
Phantasma Prime,Held,Cluster Bombs Explosion,0.0,0.0,0.0,0,0,0,0,0,0,0,0,18,0.0,0,18.0,36.0,18.0,0.03,1.5,18.27,36.54,33.495,6230.07,0.37,,1.37,2.74,1,2.0,0.0,0.75,14,11,15,330,0.5,AoE,,0.0,100.0,Hotfix 32.0.9,2022-10-05,Primary,Shotgun,Primary,2.0,/Lotus/Weapons/Tenno/LongGuns/PrimePhantasma/PhantasmaPrimeShotgun,Phantasma,0.0,inf,0.0,,,
Perigale,Burst,Normal Attack,20.6,96.3,55.0,0,0,0,0,0,0,0,0,0,0.0,0,171.9,343.8,171.9,0.28,2.6,995.6448,497.8224,672.73297297297,35843.2128,0.16,,0.16,0.32,1,2.0,0.0,1.1,8,12,12,24,3.0,Hit-Scan,,1.0,833.3,Update 32.2,2022-11-30,Primary,Sniper Rifle,Primary,1000.0,/Lotus/Weapons/Tenno/LongGuns/TnQuadSniper/TnQuadSniper,Perigale,300.0,600.0,0.2,0.12,0.1,0.14
Penta,Active,Grenade Impact,75.0,0.0,0.0,0,0,0,0,0,0,0,0,0,0.0,0,75.0,75.0,75.0,0.1,2.0,82.5,82.5,55,2062.5,0.1,,0.1,0.1,1,1.0,0.0,1.35,6,5,5,20,2.5,Projectile,20,0.0,100.0,Update 11.3,2013-12-12,Primary,Launcher,Primary,0.0,/Lotus/Weapons/Corpus/LongGuns/GrenadeLauncher/GrenadeLauncher,Penta,0.0,inf,0.0,0.0,0.0,0.0
Penta,Active,Grenade Detonation,0.0,0.0,0.0,0,0,0,0,350,0,0,0,0,0.0,0,350.0,350.0,350.0,0.1,2.0,385.0,385.0,256.66666666667,9625.0,0.1,,0.1,0.1,1,1.0,0.0,1.35,6,5,5,20,2.5,AoE,,0.0,100.0,Update 11.3,2013-12-12,Primary,Launcher,Primary,4.0,/Lotus/Weapons/Corpus/LongGuns/GrenadeLauncher/GrenadeLauncher,Penta,0.0,4.0,0.5,,,
Paris,Semi-Auto,Uncharged Shot,8.0,120.0,32.0,0,0,0,0,0,0,0,0,0,0.0,0,160.0,246.15384615385,160.0,0.3,2.0,208.0,320.0,126.06060606061,15184.0,0.1,,0.1,0.15384615384615,1,1.0,0.0,1.4,0,1,15,72,0.65,Projectile,70,0.0,16.7,Update 7.0,2013-03-18,Primary,Bow,Primary,0.0,/Lotus/Weapons/Tenno/Bows/HuntingBow,Paris,0.0,inf,0.0,6.0,0.0,12.0
Paris,Charge,Charged Shot,16.0,256.0,48.0,0,0,0,0,0,0,0,0,0,0.0,0,320.0,492.30769230769,320.0,0.3,2.0,416.0,640.0,361.73913043478,30368.0,0.1,,0.1,0.08695652173913,1,1.0,0.5,1.4,0,1,15,72,0.65,Projectile,85,2.0,16.7,Update 7.0,2013-03-18,Primary,Bow,Primary,0.0,/Lotus/Weapons/Tenno/Bows/HuntingBow,Paris,0.0,inf,0.0,,,
Paris,Charge,Incarnon Form Charged Shot,95.0,0.0,0.0,0,0,365,0,0,0,0,0,0,0.0,0,460.0,707.69230769231,460.0,0.4,3.0,828.0,1035.0,571.03448275862,60444.0,0.2,,0.2,0.13793103448276,1,1.0,0.8,1.4,0,1,15,72,0.65,Projectile,85,0.0,100.0,Update 7.0,2013-03-18,Primary,Bow,Primary,0.0,/Lotus/Weapons/Tenno/Bows/HuntingBow,Paris,0.0,inf,0.0,6.0,0.0,12.0
Supra,Auto-Spool,Fully Spooled,4.0,30.0,6.0,0,0,0,0,0,0,0,0,0,0.0,0,40.0,500.0,40.0,0.12,1.8,43.84,548.0,453.51724137931,55238.4,0.3,,0.3,3.75,1,12.5,0.0,1.1,12,180,80,1080,3.0,Projectile,100,0.0,14.3,Update 8.0,2013-05-23,Primary,Rifle,Primary,0.0,/Lotus/Weapons/ClanTech/Energy/CrpHeavyRifle,Supra,0.0,inf,0.0,7.0,6.0,8.0
Latron Wraith,Semi-Auto,Normal Attack,15.5,43.4,3.1,0,0,0,0,0,0,0,0,0,0.0,0,62.0,310.0,62.0,0.26,2.8,91.016,455.08,252.82222222222,50513.88,0.14,,0.14,0.7,1,5.0,0.0,1.35,7,15,80,540,2.4,Hit-Scan,,0.0,28.6,Update 14.5,2014-08-28,Primary,Rifle,Primary,300.0,/Lotus/Weapons/Tenno/LongGuns/WraithLatron/WraithLatron,Latron,0.0,inf,0.0,3.5,0.0,7.0
Latron Wraith,Semi-Auto,Incarnon Form,50.0,0.0,0.0,0,0,0,0,0,0,0,0,0,0.0,0,50.0,183.5,50.0,0.48,3.4,107.6,394.892,248.79788306452,59718.0,0.28,,0.28,1.0276,1,3.67,0.0,1.35,7,15,80,540,2.4,Projectile,,0.0,28.6,Update 14.5,2014-08-28,Primary,Rifle,Primary,0.0,/Lotus/Weapons/Tenno/LongGuns/WraithLatron/WraithLatron,Latron,0.0,inf,0.0,3.5,0.0,7.0
Latron Wraith,Semi-Auto,Incarnon Form AoE,0.0,50.0,0.0,0,0,50,0,0,0,0,0,0,0.0,0,100.0,367.0,100.0,0.48,3.4,215.2,789.784,497.59576612903,119436.0,0.28,,0.28,1.0276,1,3.67,0.0,1.35,7,15,80,540,2.4,AoE,,0.0,28.6,Update 14.5,2014-08-28,Primary,Rifle,Primary,4.0,/Lotus/Weapons/Tenno/LongGuns/WraithLatron/WraithLatron,Latron,0.0,4.0,0.2,,,
Prisma Grinlok,Semi-Auto,Normal Attack,74.8,18.7,93.5,0,0,0,0,0,0,0,0,0,0.0,0,187.0,312.29,187.0,0.21,2.9,261.613,436.89371,384.86379084693,146764.893,0.37,,0.37,0.6179,1,1.67,0.0,1.245,11,21,80,540,1.7,Hit-Scan,,0.0,32.0,Update 24.4,2019-03-08,Primary,Rifle,Primary,300.0,/Lotus/Weapons/Grineer/LongGuns/GrineerLeverActionRifle/PrismaGrinlokWeapon,Grinlok,0.0,inf,0.0,3.125,0.25,6.0
Neutralizer,Semi-Auto,Normal Attack,12.75,216.75,25.5,0,0,0,0,0,0,0,0,0,0.0,0,255.0,255.0,255.0,0.45,3.0,484.5,484.5,408,5814.0,0.1,,0.1,0.1,1,1.0,0.0,1.3,0,12,80,0,2.25,Hit-Scan,,2.5,13.33,Update 38.0,2024-12-13,Primary,Exalted Weapon,Energy,1000.0,/Lotus/Powersuits/Frumentarius/ExaltedSniper,,0.0,inf,0.0,7.5,0.0,15.0
Neutralizer,Semi-Auto,Cryo Grenade,0.0,0.0,0.0,20,0,0,0,0,0,0,0,0,0.0,0,20.0,26.6,20.0,0.3,2.0,26.0,34.58,19.781194136575,104.0,0.0,,1.0,1.33,1,1.33,0.0,1.3,0,12,80,0,2.25,AoE,100,0.0,13.33,Update 38.0,2024-12-13,Primary,Exalted Weapon,Energy,10.0,/Lotus/Powersuits/Frumentarius/ExaltedSniper,,0.0,inf,0.0,5.5,3.0,8.0
Nataruk,Semi-Auto,Quick Shot,0.0,405.0,45.0,0,0,0,0,0,0,0,0,0,0.0,0,450.0,750.0,450.0,0.2,1.8,522.0,870.0,248.66019140123,522.0,0.3,,1.3,2.1666666666667,1,0.667,0.0,0.65,0,1,0,0,0.6,Projectile,140,0.0,16.7,Update 31.0,2021-12-15,Primary,Bow,None,0.0,/Lotus/Weapons/Tenno/Bows/Omicrus/OmicrusPlayerWep,Nataruk,0.0,inf,0.0,6.0,0.0,12.0
Nataruk,Charge,Charged Shot,0.0,648.0,252.0,0,0,0,0,0,0,0,0,0,0.0,0,900.0,1500.0,900.0,0.5,2.2,1440.0,1440.0,900,1440.0,0.5,,0.5,0.3125,1,0.667,1.0,0.65,0,1,0,0,0.6,Projectile,70,0.0,16.7,Update 31.0,2021-12-15,Primary,Bow,None,0.0,/Lotus/Weapons/Tenno/Bows/Omicrus/OmicrusPlayerWep,Nataruk,0.0,inf,0.0,,,
Nataruk,Charge,Perfect Shot,0.0,648.0,252.0,0,0,0,0,0,0,0,0,0,0.0,0,900.0,1500.0,900.0,0.6,2.4,1656.0,2365.7142857143,1273.8461538462,1656.0,0.5,,0.5,0.38461538461538,1,0.667,0.7,0.65,0,1,0,0,0.6,Projectile,70,0.0,16.7,Update 31.0,2021-12-15,Primary,Bow,None,0.0,/Lotus/Weapons/Tenno/Bows/Omicrus/OmicrusPlayerWep,Nataruk,0.0,inf,0.0,,,
Mutalist Quanta,Auto,Normal Attack,2.5,15.0,7.5,0,0,0,0,0,0,0,0,0,0.0,0,25.0,250.0,25.0,0.025,1.5,25.3125,253.125,168.75,15187.5,0.15,,0.15,1.5,1,10.0,0.0,1.5,2,60,80,540,3.0,Projectile,100,0.0,100.0,Update 13.8,2014-06-19,Primary,Rifle,Primary,0.0,/Lotus/Weapons/Infested/LongGuns/InfCrpShockSwarm/InfCrpShockSwarmRifle,Mutalist Quanta,0.0,inf,0.0,0.0,0.0,0.0
Mutalist Quanta,Auto,Infested Orb,0.0,0.0,0.0,0,0,0,0,0,0,0,0,20,0.0,0,20.0,200.0,20.0,0.0,0.0,20.0,200.0,57.142857142857,2400.0,1.0,,1.0,10.0,1,10.0,0.0,1.5,2,60,80,540,3.0,Projectile,5,0.0,,Update 13.8,2014-06-19,Primary,Rifle,Primary,2.0,/Lotus/Weapons/Infested/LongGuns/InfCrpShockSwarm/InfCrpShockSwarmRifle,Mutalist Quanta,0.0,2.0,0.0,4.0,2.0,6.0
Mutalist Quanta,Auto,Orb Explosion,0.0,0.0,0.0,0,0,0,100,0,0,0,0,0,0.0,0,100.0,1000.0,100.0,0.05,1.5,102.5,1025.0,683.33333333333,61500.0,0.39,,0.39,3.9,1,10.0,0.0,1.5,2,60,80,540,3.0,AoE,,0.0,25.0,Update 13.8,2014-06-19,Primary,Rifle,Primary,4.4,/Lotus/Weapons/Infested/LongGuns/InfCrpShockSwarm/InfCrpShockSwarmRifle,Mutalist Quanta,0.0,4.4,0.5,4.0,2.0,6.0
Glaxion Vandal,Held,Normal Attack,0.0,0.0,0.0,29,0,0,0,0,0,0,0,0,0.0,0,29.0,348.0,29.0,0.14,2.0,33.06,396.72,358.05054151625,59508.0,0.38,,0.38,4.56,1,12.0,0.0,1.25,12,100,80,800,1.8,Hit-Scan,,0.0,100.0,Update 25.0,2019-05-22,Primary,Rifle,Primary,28.0,/Lotus/Weapons/Corpus/LongGuns/CrpFreezeRay/Vandal/CrpFreezeRayVandalRifle,Glaxion,0.0,inf,0.0,0.0,0.0,0.0
Bubonico,Auto,Auto,2.0,13.0,19.0,0,0,0,7,0,0,0,0,0,0.0,0,41.0,1099.21,287.0,0.25,2.3,380.275,1456.45325,786.79947478992,10267.425,0.0929,,0.6503,2.490649,7,3.83,0.0,0.75,13,27,0,0,4.5,Projectile,57,0.0,25.0,Update 29.5,2020-11-19,Primary,Arm Cannon,None,0.0,/Lotus/Weapons/Infested/LongGuns/InfArmCannon/InfArmCannon,Bubonico,19.0,41.0,0.5,4.0,1.0,7.0
Bubonico,Burst,Burst,9.0,0.0,0.0,0,0,0,0,0,0,0,0,0,0.0,0,9.0,45.0,9.0,0.03,3.5,29.025,21.032608695652,8.5872781065089,261.225,0.57,,0.57,2.85,1,5.0,0.0,0.75,13,27,0,0,4.5,Projectile,25,0.0,100.0,Update 29.5,2020-11-19,Primary,Arm Cannon,None,0.0,/Lotus/Weapons/Infested/LongGuns/InfArmCannon/InfArmCannon,Bubonico,0.0,inf,0.0,0.0,0.0,0.0
Bubonico,Auto,Radial Attack,0.0,0.0,0.0,0,0,0,0,0,0,0,0,0,143.0,0,143.0,481.91,143.0,0.03,3.5,153.725,518.05325,159.56465605749,1383.525,0.57,,0.57,1.9209,1,3.37,0.0,0.75,13,27,0,0,4.5,AoE,,0.0,25.0,Update 29.5,2020-11-19,Primary,Arm Cannon,None,7.0,/Lotus/Weapons/Infested/LongGuns/InfArmCannon/InfArmCannon,Bubonico,0.0,7.0,0.5,,,
Tenet Ferrox,Charged Auto,Charged Shot,20.0,140.0,40.0,0,0,0,0,0,0,0,0,0,0.0,0,200.0,534.0,200.0,0.34,3.0,537.6,1344.0,1097.1428571429,64512.0,0.26,,0.26,0.33568665377176,1,2.67,0.4,1.1,16,20,20,100,1.8,Hit-Scan,,0.0,16.7,Update 32.2,2022-11-30,Primary,Speargun,Primary,300.0,/Lotus/Weapons/Corpus/BoardExec/Primary/CrpBEFerrox/CrpBEFerrox,Ferrox,0.0,inf,0.0,6.0,0.0,12.0
Tenet Ferrox,Charged Auto,Radial Attack,6.0,42.0,12.0,0,0,0,0,0,0,0,0,0,0.0,0,60.0,160.2,60.0,0.34,3.0,161.28,430.6176,347.18826090462,19353.6,0.26,,0.26,0.6942,1,2.67,0.0,1.1,16,20,20,100,1.8,AoE,,0.0,16.7,Update 32.2,2022-11-30,Primary,Speargun,Primary,4.0,/Lotus/Weapons/Corpus/BoardExec/Primary/CrpBEFerrox/CrpBEFerrox,Ferrox,0.0,4.0,0.3,,,
Tenet Ferrox,Semi,Spear Throw,35.0,5.0,10.0,0,0,0,0,0,0,0,0,0,0.0,0,50.0,50.0,50.0,0.04,2.0,83.2,83.2,75.636363636364,9984.0,0.4,,1.4,1.4,1,1.0,0.0,1.1,16,20,20,100,2.0,Projectile,90,0.0,16.7,Update 32.2,2022-11-30,Primary,Speargun,Primary,0.0,/Lotus/Weapons/Corpus/BoardExec/Primary/CrpBEFerrox/CrpBEFerrox,Ferrox,0.0,inf,0.0,6.0,0.0,12.0
Tenet Ferrox,Charged Auto,Attraction Field,0.0,0.0,0.0,0,150,0,0,0,0,0,0,0,0.0,0,150.0,75.0,150.0,0.04,2.0,249.6,124.8,119.42583732057,29952.0,0.5,,0.5,0.25,1,0.5,0.0,1.1,16,20,20,100,1.8,AoE,,0.0,16.7,Update 32.2,2022-11-30,Primary,Speargun,Primary,10.0,/Lotus/Weapons/Corpus/BoardExec/Primary/CrpBEFerrox/CrpBEFerrox,Ferrox,0.0,inf,0.0,,,
Latron Prime,Semi-Auto,Normal Attack,9.0,72.0,9.0,0,0,0,0,0,0,0,0,0,0.0,0,90.0,375.3,90.0,0.22,2.8,125.64,523.9188,314.25071976967,69730.2,0.26,,0.26,1.0842,1,4.17,0.0,1.3,10,15,80,540,2.4,Hit-Scan,,0.0,28.6,Update 8.0,2013-05-23,Primary,Rifle,Primary,300.0,/Lotus/Weapons/Tenno/Rifle/LatronPrime,Latron,0.0,inf,0.0,3.5,0.0,7.0
Latron Prime,Semi-Auto,Incarnon Form,50.0,0.0,0.0,0,0,0,0,0,0,0,0,0,0.0,0,50.0,166.5,50.0,0.44,3.4,102.8,342.324,223.33246346555,57054.0,0.3,,1.3,4.329,1,3.33,0.0,1.3,10,15,80,540,2.4,Projectile,,0.0,100.0,Update 8.0,2013-05-23,Primary,Rifle,Primary,0.0,/Lotus/Weapons/Tenno/Rifle/LatronPrime,Latron,0.0,inf,0.0,0.0,0.0,0.0
Latron Prime,Semi-Auto,Incarnon Form AoE,0.0,70.0,0.0,0,0,70,0,0,0,0,0,0,0.0,0,140.0,466.2,140.0,0.44,3.4,287.84,958.5072,625.33089770355,159751.2,0.3,,0.3,0.999,1,3.33,0.0,1.3,10,15,80,540,2.4,AoE,,0.0,28.6,Update 8.0,2013-05-23,Primary,Rifle,Primary,4.0,/Lotus/Weapons/Tenno/Rifle/LatronPrime,Latron,0.0,4.0,0.2,,,
Prisma Tetra,Auto,Normal Attack,7.6,30.4,0.0,0,0,0,0,0,0,0,0,0,0.0,0,38.0,269.04,38.0,0.1,2.0,41.8,295.944,239.43689320388,25080.0,0.24,,0.24,1.6992,1,7.08,0.0,1.45,4,60,80,540,2.0,Projectile,100,0.0,18.2,Hotfix 17.0.5,2015-08-07,Primary,Rifle,Primary,0.0,/Lotus/Weapons/Corpus/LongGuns/CorpusUMP/PrismaCorpusUMP,Tetra,0.0,inf,0.0,5.5,3.0,8.0
Vectis,Semi-Auto,Unzoomed,90.0,78.75,56.25,0,0,0,0,0,0,0,0,0,0.0,0,225.0,225.0,225.0,0.25,2.0,281.25,281.25,168.75,20531.25,0.3,,0.3,0.3,1,1.5,0.0,1.1,2,1,15,72,1.0,Hit-Scan,,1.0,13.3,Update 10.6,2013-10-30,Primary,Sniper Rifle,Primary,1000.0,/Lotus/Weapons/Tenno/Rifle/TennoSniperRifle,Vectis,400.0,600.0,0.5,7.5,0.0,15.0
Vectis,Semi-Auto,3x Zoom,90.0,78.75,56.25,0,0,0,0,0,0,0,0,0,0.0,0,225.0,225.0,225.0,0.25,2.0,281.25,281.25,168.75,20531.25,0.3,,0.3,0.3,1,1.5,0.0,1.1,2,1,15,72,1.0,Hit-Scan,,1.0,13.3,Update 10.6,2013-10-30,Primary,Sniper Rifle,Primary,1000.0,/Lotus/Weapons/Tenno/Rifle/TennoSniperRifle,Vectis,400.0,600.0,0.5,,,
Vectis,Semi-Auto,4.5x Zoom,90.0,78.75,56.25,0,0,0,0,0,0,0,0,0,0.0,0,225.0,225.0,225.0,0.25,2.0,281.25,281.25,168.75,20531.25,0.3,,0.3,0.3,1,1.5,0.0,1.1,2,1,15,72,1.0,Hit-Scan,,1.0,13.3,Update 10.6,2013-10-30,Primary,Sniper Rifle,Primary,1000.0,/Lotus/Weapons/Tenno/Rifle/TennoSniperRifle,Vectis,400.0,600.0,0.5,,,
Soma Prime,Auto-Spool,Fully Spooled,1.2,4.8,6.0,0,0,0,0,0,0,0,0,0,0.0,0,12.0,180.0,12.0,0.3,3.0,19.2,288.0,235.10204081633,19200.0,0.1,,0.1,1.5,1,15.0,0.0,1.1,7,200,80,800,3.0,Hit-Scan,,0.0,28.6,Update 15.7,2014-12-17,Primary,Rifle,Primary,300.0,/Lotus/Weapons/Tenno/LongGuns/PrimeSoma/PrimeSomaRifle,Soma,0.0,inf,0.0,3.5,2.0,5.0
Soma Prime,Auto-Spool,Incarnon Form,1.08,5.04,11.88,0,0,0,0,0,0,0,0,0,0.0,0,18.0,1008.0,144.0,0.1,3.4,178.56,1249.92,1131.149321267,178560.0,0.03,,0.24,1.68,8,7.0,0.0,1.1,7,200,80,800,3.0,Hit-Scan,,0.0,28.57,Update 15.7,2014-12-17,Primary,Rifle,Primary,300.0,/Lotus/Weapons/Tenno/LongGuns/PrimeSoma/PrimeSomaRifle,Soma,0.0,0.0,0.0,3.5,2.0,5.0
Gorgon Wraith,Auto-Spool,Fully Spooled,22.95,2.7,1.35,0,0,0,0,0,0,0,0,0,0.0,0,27.0,359.91,27.0,0.15,1.9,30.645,408.49785,282.82795984306,30338.55,0.21,,0.21,2.7993,1,13.33,0.0,1.35,7,90,80,900,3.0,Hit-Scan,,0.0,16.7,Update 12.4,2014-03-05,Primary,Rifle,Primary,300.0,/Lotus/Weapons/Grineer/LongGuns/WraithGorgon/WraithGorgon,Gorgon,0.0,inf,0.0,6.0,5.0,7.0
Gorgon Wraith,Auto Charge,Incarnon Form,25.0,75.0,25.0,0,0,0,0,0,0,0,0,0,0.0,0,125.0,125.0,125.0,0.19,2.1,151.125,151.125,146.25,149613.75,0.27,,0.27,0.27,1,1.0,0.0,1.35,7,90,80,900,3.0,Projectile,,0.0,25.0,Update 12.4,2014-03-05,Primary,Rifle,Primary,0.0,/Lotus/Weapons/Grineer/LongGuns/WraithGorgon/WraithGorgon,Gorgon,0.0,inf,0.0,4.0,2.0,6.0
Gorgon Wraith,Auto-Spool,Incarnon Form AoE,0.0,0.0,0.0,0,0,750,0,0,0,0,0,0,0.0,0,750.0,750.0,750.0,0.19,2.1,906.75,906.75,877.5,897682.5,0.27,,1.27,1.27,1,1.0,0.0,1.35,7,90,80,900,3.0,AoE,,0.0,16.7,Update 12.4,2014-03-05,Primary,Rifle,Primary,5.0,/Lotus/Weapons/Grineer/LongGuns/WraithGorgon/WraithGorgon,Gorgon,0.0,5.0,0.1,,,
Kuva Drakgoon,Charge,Uncharged Shot,4.6,4.6,13.8,0,0,0,0,0,0,0,0,0,0.0,0,23.0,765.9,230.0,0.19,2.1,444.912,1481.55696,922.82709852775,58283.472,0.09,,0.9,2.997,10,3.33,0.0,1.15,13,11,15,120,2.0,Projectile,130,0.0,1.4,Update 26.0,2019-10-31,Primary,Shotgun,Primary,0.0,/Lotus/Weapons/Grineer/KuvaLich/LongGuns/Drakgoon/KuvaDrakgoon,Drakgoon,0.0,inf,0.0,70.0,60.0,80.0
Kuva Drakgoon,Charge,Charged Shot,4.6,4.6,36.8,0,0,0,0,0,0,0,0,0,0.0,0,46.0,1531.8,460.0,0.21,2.5,967.84,3222.9072,2008.7245283019,126787.04,0.09,,0.9,1.4992496248124,10,3.33,0.3,1.15,13,11,15,120,2.0,Projectile,190,1.5,1.4,Update 26.0,2019-10-31,Primary,Shotgun,Primary,0.0,/Lotus/Weapons/Grineer/KuvaLich/LongGuns/Drakgoon/KuvaDrakgoon,Drakgoon,0.0,inf,0.0,,,
Kuva Chakkhurr,Semi-Auto,Normal Attack,260.0,0.0,0.0,0,0,0,0,0,0,0,0,0,0.0,0,260.0,304.2,260.0,0.5,2.3,686.4,803.088,594.43967431532,45302.4,0.27,,1.27,1.4859,1,1.17,0.0,0.9,15,11,15,55,3.3,Projectile,200,0.0,100.0,Update 26.0,2019-10-31,Primary,Rifle,Primary,0.0,/Lotus/Weapons/Grineer/LongGuns/GrnKuvaLichRifle/GrnKuvaLichRifleWeapon,Kuva Chakkhurr,0.0,inf,0.0,0.0,0.0,0.0
Kuva Chakkhurr,Semi-Auto,Explosion,0.0,52.0,29.0,0,0,0,0,25,0,0,0,0,0.0,0,106.0,124.02,106.0,0.5,2.3,279.84,327.4128,242.34848260548,18469.44,0.27,,1.27,1.4859,1,1.17,0.0,0.9,15,11,15,55,3.3,AoE,,0.0,100.0,Update 26.0,2019-10-31,Primary,Rifle,Primary,2.9,/Lotus/Weapons/Grineer/LongGuns/GrnKuvaLichRifle/GrnKuvaLichRifleWeapon,Kuva Chakkhurr,0.0,2.9,0.3,,,
Komorex,Semi-Auto,Unzoomed,9.7,40.7,46.6,0,0,0,0,0,0,0,0,0,0.0,0,97.0,485.0,97.0,0.16,2.1,114.072,570.36,325.92,6844.32,0.35,,0.35,1.75,1,5.0,0.0,1.15,8,20,15,40,3.0,Projectile,250,0.0,20.0,Update 25.0,2019-05-22,Primary,Sniper Rifle,Primary,0.0,/Lotus/Weapons/Corpus/LongGuns/CrpSentAmlgSniper/CrpSentAmlgSniper,Komorex,400.0,600.0,0.5,5.0,0.0,10.0
Komorex,Semi-Auto,2x Zoom,9.7,40.7,46.6,0,0,0,0,0,0,0,0,0,0.0,0,97.0,485.0,97.0,0.16,2.1,114.072,570.36,325.92,6844.32,0.35,,0.35,1.75,1,5.0,0.0,1.15,8,20,15,40,3.0,Projectile,250,2.0,100.0,Update 25.0,2019-05-22,Primary,Sniper Rifle,Primary,0.0,/Lotus/Weapons/Corpus/LongGuns/CrpSentAmlgSniper/CrpSentAmlgSniper,Komorex,400.0,600.0,0.5,,,
Komorex,Semi-Auto,3.5x Zoom Mode,19.4,81.4,93.2,0,0,0,0,0,0,0,0,0,0.0,0,194.0,242.5,194.0,0.16,2.1,228.144,285.18,240.15157894737,13688.64,0.35,,0.35,0.4375,1,1.25,0.0,1.15,8,20,15,40,3.0,,,0.0,100.0,Update 25.0,2019-05-22,Primary,Sniper Rifle,Primary,0.0,/Lotus/Weapons/Corpus/LongGuns/CrpSentAmlgSniper/CrpSentAmlgSniper,Komorex,0.0,inf,0.0,,,
Komorex,Semi-Auto,3.5x Zoom Radial Attack,0.0,0.0,0.0,0,0,0,0,0,0,0,0,0,106.0,0,106.0,132.5,106.0,0.16,2.1,124.656,155.82,131.21684210526,7479.36,0.35,,0.35,0.4375,1,1.25,0.0,1.15,8,20,15,40,3.0,,,0.0,,Update 25.0,2019-05-22,Primary,Sniper Rifle,Primary,3.5,/Lotus/Weapons/Corpus/LongGuns/CrpSentAmlgSniper/CrpSentAmlgSniper,Komorex,0.0,3.5,0.4,,,
MK1-Braton,Auto,Normal Attack,4.5,4.5,9.0,0,0,0,0,0,0,0,0,0,0.0,0,18.0,135.0,18.0,0.08,1.5,18.72,140.4,112.32,11232.0,0.05,,0.05,0.375,1,7.5,0.0,1.35,0,60,80,540,2.0,Hit-Scan,,0.0,40.0,Vanilla,2012-10-25,Primary,Rifle,Primary,300.0,/Lotus/Weapons/Tenno/Rifle/StartingRifle,Braton,0.0,inf,0.0,2.5,1.0,4.0
MK1-Braton,Auto,Incarnon Form,20.0,2.0,28.0,0,0,0,0,0,0,0,0,0,0.0,0,50.0,250.0,50.0,0.2,2.4,64.0,320.0,274.28571428571,38400.0,0.1,,0.1,0.5,1,5.0,0.0,1.35,0,60,80,540,2.0,Hit-Scan,,0.0,200.0,Vanilla,2012-10-25,Primary,Rifle,Primary,300.0,/Lotus/Weapons/Tenno/Rifle/StartingRifle,Braton,0.0,inf,0.0,0.5,0.3,0.7
MK1-Braton,Auto,Incarnon Form AoE,0.0,0.0,0.0,0,0,50,0,0,0,0,0,0,0.0,0,50.0,250.0,50.0,0.2,2.4,64.0,320.0,274.28571428571,38400.0,0.1,,0.1,0.5,1,5.0,0.0,1.35,0,60,80,540,2.0,AoE,,0.0,40.0,Vanilla,2012-10-25,Primary,Rifle,Primary,3.0,/Lotus/Weapons/Tenno/Rifle/StartingRifle,Braton,0.0,3.0,0.1,,,
Gotva Prime,Auto,Normal Attack,0.0,25.0,0.0,0,0,0,0,0,0,0,0,0,0.0,0,25.0,333.25,25.0,0.23,2.5,33.625,448.22125,340.23662570034,31069.5,0.27,,0.27,3.5991,1,13.33,0.0,0.7,14,84,80,840,2.0,Hit-Scan,,0.5,100.0,Hotfix 33.6.6,2023-08-25,Primary,Rifle,Primary,300.0,/Lotus/Weapons/Tenno/LongGuns/Gotva/PrimeGotvaGun,Gotva,0.0,inf,0.0,0.0,0.0,0.0
Harpak,Burst,Normal Attack,5.0,37.5,7.5,0,0,0,0,0,0,0,0,0,0.0,0,50.0,250.0,50.0,0.2,2.3,189.0,315.0,257.72727272727,110565.0,0.17,,0.17,0.85,1,5.0,0.0,1.55,7,45,80,540,2.0,Projectile,80,0.0,18.2,Update 17.0,2015-07-31,Primary,Rifle,Primary,0.0,/Lotus/Weapons/Grineer/LongGuns/GrnHarpoonGun/GrnHarpoonGun,Harpak,0.0,inf,0.0,5.5,3.0,8.0
Harpak,Burst,Harpoon,40.0,50.0,10.0,0,0,0,0,0,0,0,0,0,0.0,0,100.0,150.0,100.0,0.25,2.3,132.5,198.75,186.328125,77512.5,0.13,,1.13,1.695,1,1.5,0.0,1.55,7,45,80,540,2.0,Projectile,60,0.0,100.0,Update 17.0,2015-07-31,Primary,Rifle,Primary,40.0,/Lotus/Weapons/Grineer/LongGuns/GrnHarpoonGun/GrnHarpoonGun,Harpak,0.0,inf,0.0,0.0,0.0,0.0
Boar,Auto,Normal Attack,12.1,3.3,6.6,0,0,0,0,0,0,0,0,0,0.0,0,22.0,733.92,176.0,0.1,1.5,184.8,770.616,493.05224095461,25872.0,0.075,,0.6,2.502,8,4.17,0.0,1.45,2,20,40,120,2.7,Hit-Scan,,0.0,5.0,Vanilla,2012-10-25,Primary,Shotgun,Primary,300.0,/Lotus/Weapons/Tenno/Shotgun/FullAutoShotgun,Boar,15.0,25.0,0.5,20.0,10.0,30.0
Boar,Held,Incarnon Form,0.0,0.0,0.0,0,0,20,0,0,0,0,0,0,0.0,0,20.0,150.0,20.0,0.18,1.8,22.88,171.6,85.267080745342,3203.2,0.2,,0.2,1.5,1,7.5,0.0,1.45,2,20,40,120,2.7,Hit-Scan,,0.0,100.0,Vanilla,2012-10-25,Primary,Shotgun,Primary,20.0,/Lotus/Weapons/Tenno/Shotgun/FullAutoShotgun,Boar,0.0,inf,0.0,0.0,0.0,0.0
Dread,Semi-Auto,Uncharged Shot,16.8,16.8,134.4,0,0,0,0,0,0,0,0,0,0.0,0,168.0,240.0,168.0,0.5,2.0,252.0,360.0,148.23529411765,18396.0,0.2,,0.2,0.28571428571429,1,1.0,0.0,1.3,5,1,15,72,0.7,Projectile,85,0.0,16.7,Update 8.0,2013-05-23,Primary,Bow,Primary,0.0,/Lotus/Weapons/Tenno/Bows/StalkerBow,Dread,0.0,inf,0.0,6.0,0.0,12.0
Dread,Charge,Charged Shot,16.8,16.8,302.4,0,0,0,0,0,0,0,0,0,0.0,0,336.0,480.0,336.0,0.5,2.0,504.0,720.0,420,36792.0,0.2,,0.2,0.16666666666667,1,1.0,0.5,1.3,5,1,15,72,0.7,Projectile,100,2.5,16.7,Update 8.0,2013-05-23,Primary,Bow,Primary,0.0,/Lotus/Weapons/Tenno/Bows/StalkerBow,Dread,0.0,inf,0.0,,,
Dread,Charge,Incarnon Form Charged Shot,100.0,0.0,100.0,0,0,200,0,0,0,0,0,0,0.0,0,400.0,571.42857142857,400.0,0.5,3.0,800.0,1142.8571428571,615.38461538462,58400.0,0.3,,0.3,0.23076923076923,1,1.5,0.6,1.3,5,1,15,72,0.7,Projectile,0,0.0,16.7,Update 8.0,2013-05-23,Primary,Bow,Primary,0.0,/Lotus/Weapons/Tenno/Bows/StalkerBow,Dread,0.0,inf,0.0,6.0,0.0,12.0
Dera,Auto,Normal Attack,6.0,22.5,1.5,0,0,0,0,0,0,0,0,0,0.0,0,30.0,337.5,30.0,0.08,1.6,31.44,353.7,243.93103448276,18392.4,0.22,,0.22,2.475,1,11.25,0.0,1.4,4,45,80,540,1.8,Projectile,100,0.0,100.0,Update 8.0,2013-05-23,Primary,Rifle,Primary,0.0,/Lotus/Weapons/ClanTech/Energy/EnergyRifle,Dera,0.0,inf,0.0,0.0,0.0,0.0
Acceltra,Auto,Rocket Impact,35.0,0.0,0.0,0,0,0,0,0,0,0,0,0,0.0,0,35.0,420.0,35.0,0.32,2.8,55.16,661.92,441.28,7943.04,0.06,,1.06,12.72,1,12.0,0.0,0.65,8,48,40,96,2.0,Projectile,70,0.0,23.5,Update 25.7,2019-08-29,Primary,Rifle,Primary,0.0,/Lotus/Weapons/Tenno/LongGuns/SapientPrimary/SapientPrimaryWeapon,Acceltra,0.0,inf,0.0,4.25,1.5,7.0
Acceltra,Auto,Rocket Explosion,0.0,35.2,8.8,0,0,0,0,0,0,0,0,0,0.0,0,44.0,528.0,44.0,0.32,2.8,69.344,832.128,554.752,9985.536,0.06,,0.06,0.72,1,12.0,0.0,0.65,8,48,40,96,2.0,AoE,,0.0,23.5,Update 25.7,2019-08-29,Primary,Rifle,Primary,4.0,/Lotus/Weapons/Tenno/LongGuns/SapientPrimary/SapientPrimaryWeapon,Acceltra,0.0,4.0,0.5,,,
AX-52,Auto,Normal Attack,0.0,40.0,0.0,0,0,0,0,0,0,0,0,0,0.0,0,40.0,400.0,40.0,0.26,2.4,54.56,545.6,363.73333333333,31644.8,0.18,,0.18,1.8,1,10.0,0.0,0.75,12,40,80,540,2.0,Hit-Scan,,0.0,133.33,Hotfix 36.0.5,2024-07-20,Primary,Rifle,Primary,300.0,/Lotus/Weapons/1999/AK47/AK47Weapon,AX-52,0.0,inf,0.0,0.75,0.5,1.0
Tigris Prime,Duplex,Normal Attack,19.5,19.5,156.0,0,0,0,0,0,0,0,0,0,0.0,0,195.0,3120.0,1560.0,0.1,2.0,1716.0,3432.0,1225.7142857143,209352.0,0.1125,,0.9,1.8,8,2.0,0.0,0.95,13,2,15,120,1.8,Hit-Scan,,0.0,9.1,Hotfix: The Silver Grove 3,2016-08-23,Primary,Shotgun,Primary,300.0,/Lotus/Weapons/Tenno/LongGuns/PrimeTigris/PrimeTigris,Tigris,10.0,20.0,0.4872,11.0,6.0,16.0
Tenet Arca Plasmor,Semi-Auto,Normal Attack,0.0,0.0,0.0,0,0,0,0,0,0,0,0,760,0.0,0,760.0,760.0,760.0,0.22,2.0,1483.52,1483.52,1141.1692307692,74176.0,0.34,,1.34,1.34,1,1.0,0.0,0.55,16,10,15,40,3.0,Projectile,120,0.0,9.1,Update 30.5,2021-07-06,Primary,Shotgun,Primary,44.4,/Lotus/Weapons/Corpus/BoardExec/Primary/CrpBEArcaPlasmor/CrpBEArcaPlasmor,Arca Plasmor,18.0,36.0,0.5,11.0,6.0,16.0
Attica,Auto,Normal Attack,4.0,60.0,16.0,0,0,0,0,0,0,0,0,0,0.0,0,80.0,293.6,80.0,0.25,3.0,120.0,440.4,289.86938106568,67200.0,0.1,,0.1,0.367,1,3.67,0.0,1.415,7,20,80,540,2.83,Projectile,90,0.0,40.0,Update 13.0,2014-04-09,Primary,Crossbow,Primary,0.0,/Lotus/Weapons/Tenno/LongGuns/TnoPrmryXbow/TnoPrmryXbowWeapon,Attica,0.0,inf,0.0,2.5,0.0,5.0
